form,company,ticker,cik,filing_date,accession_number,filing_link
10-K,1ST SOURCE CORP,SRCE,34782,2025-02-18,0000034782-25-000025,https://www.sec.gov/Archives/edgar/data/34782/0000034782-25-000025.txt
10-K,ADVANCED ENERGY INDUSTRIES INC,AEIS,927003,2025-02-18,0001558370-25-001038,https://www.sec.gov/Archives/edgar/data/927003/0001558370-25-001038.txt
10-K,AMEREN CORP,AEE,1002910,2025-02-18,0001002910-25-000055,https://www.sec.gov/Archives/edgar/data/1002910/0001002910-25-000055.txt
10-K,ARTS WAY MANUFACTURING CO INC,ARTW,7623,2025-02-18,0001437749-25-004172,https://www.sec.gov/Archives/edgar/data/7623/0001437749-25-004172.txt
10-K,AVIENT CORP,AVNT,1122976,2025-02-18,0001122976-25-000008,https://www.sec.gov/Archives/edgar/data/1122976/0001122976-25-000008.txt
10-K,Allegion plc,ALLE,1579241,2025-02-18,0001579241-25-000008,https://www.sec.gov/Archives/edgar/data/1579241/0001579241-25-000008.txt
10-K,Ameren Illinois Co,AILIP,18654,2025-02-18,0001002910-25-000055,https://www.sec.gov/Archives/edgar/data/18654/0001002910-25-000055.txt
10-K,Aon plc,AON,315293,2025-02-18,0001628280-25-006093,https://www.sec.gov/Archives/edgar/data/315293/0001628280-25-006093.txt
10-K,"Arteris, Inc.",AIP,1667011,2025-02-18,0001667011-25-000010,https://www.sec.gov/Archives/edgar/data/1667011/0001667011-25-000010.txt
10-K,Arthur J. Gallagher & Co.,AJG,354190,2025-02-18,0000950170-25-021775,https://www.sec.gov/Archives/edgar/data/354190/0000950170-25-021775.txt
10-K,"Axsome Therapeutics, Inc.",AXSM,1579428,2025-02-18,0000950170-25-022457,https://www.sec.gov/Archives/edgar/data/1579428/0000950170-25-022457.txt
10-K,BOSTON SCIENTIFIC CORP,BSX,885725,2025-02-18,0000885725-25-000011,https://www.sec.gov/Archives/edgar/data/885725/0000885725-25-000011.txt
10-K,Bannix Acquisition Corp.,BNIXW,1845942,2025-02-18,0001731122-25-000237,https://www.sec.gov/Archives/edgar/data/1845942/0001731122-25-000237.txt
10-K,BlueLinx Holdings Inc.,BXC,1301787,2025-02-18,0001301787-25-000012,https://www.sec.gov/Archives/edgar/data/1301787/0001301787-25-000012.txt
10-K,CASELLA WASTE SYSTEMS INC,CWST,911177,2025-02-18,0000911177-25-000010,https://www.sec.gov/Archives/edgar/data/911177/0000911177-25-000010.txt
10-K,CENTENE CORP,CNC,1071739,2025-02-18,0001071739-25-000027,https://www.sec.gov/Archives/edgar/data/1071739/0001071739-25-000027.txt
10-K,CENTERSPACE,IRET,798359,2025-02-18,0000798359-25-000011,https://www.sec.gov/Archives/edgar/data/798359/0000798359-25-000011.txt
10-K,CONMED Corp,CNMD,816956,2025-02-18,0000816956-25-000004,https://www.sec.gov/Archives/edgar/data/816956/0000816956-25-000004.txt
10-K,CONOCOPHILLIPS,COP,1163165,2025-02-18,0001163165-25-000012,https://www.sec.gov/Archives/edgar/data/1163165/0001163165-25-000012.txt
10-K,CONSTELLATION ENERGY GENERATION LLC,,1168165,2025-02-18,0001868275-25-000023,https://www.sec.gov/Archives/edgar/data/1168165/0001868275-25-000023.txt
10-K,"CVRx, Inc.",CVRX,1235912,2025-02-18,0001558370-25-001055,https://www.sec.gov/Archives/edgar/data/1235912/0001558370-25-001055.txt
10-K,Chemours Co,CC,1627223,2025-02-18,0000950170-25-021787,https://www.sec.gov/Archives/edgar/data/1627223/0000950170-25-021787.txt
10-K,Community Healthcare Trust Inc,CHCT,1631569,2025-02-18,0001631569-25-000015,https://www.sec.gov/Archives/edgar/data/1631569/0001631569-25-000015.txt
10-K,"Confluent, Inc.",CFLT,1699838,2025-02-18,0000950170-25-022369,https://www.sec.gov/Archives/edgar/data/1699838/0000950170-25-022369.txt
10-K,Constellation Energy Corp,CEG,1868275,2025-02-18,0001868275-25-000023,https://www.sec.gov/Archives/edgar/data/1868275/0001868275-25-000023.txt
10-K,DEXCOM INC,DXCM,1093557,2025-02-18,0001093557-25-000036,https://www.sec.gov/Archives/edgar/data/1093557/0001093557-25-000036.txt
10-K,DNOW Inc.,DNOW,1599617,2025-02-18,0000950170-25-021784,https://www.sec.gov/Archives/edgar/data/1599617/0000950170-25-021784.txt
10-K,"Donnelley Financial Solutions, Inc.",DFIN,1669811,2025-02-18,0000950170-25-022207,https://www.sec.gov/Archives/edgar/data/1669811/0000950170-25-022207.txt
10-K,"ENTERGY ARKANSAS, LLC",EAI,7323,2025-02-18,0000065984-25-000012,https://www.sec.gov/Archives/edgar/data/7323/0000065984-25-000012.txt
10-K,ENTERGY CORP /DE/,ETR,65984,2025-02-18,0000065984-25-000012,https://www.sec.gov/Archives/edgar/data/65984/0000065984-25-000012.txt
10-K,"ENTERGY LOUISIANA, LLC",ELC,1348952,2025-02-18,0000065984-25-000012,https://www.sec.gov/Archives/edgar/data/1348952/0000065984-25-000012.txt
10-K,"ENTERGY MISSISSIPPI, LLC",EMP,66901,2025-02-18,0000065984-25-000012,https://www.sec.gov/Archives/edgar/data/66901/0000065984-25-000012.txt
10-K,"ENTERGY NEW ORLEANS, LLC",ENO,71508,2025-02-18,0000065984-25-000012,https://www.sec.gov/Archives/edgar/data/71508/0000065984-25-000012.txt
10-K,"ENTERGY TEXAS, INC.",ETI-P,1427437,2025-02-18,0000065984-25-000012,https://www.sec.gov/Archives/edgar/data/1427437/0000065984-25-000012.txt
10-K,"Enova International, Inc.",ENVA,1529864,2025-02-18,0000950170-25-022244,https://www.sec.gov/Archives/edgar/data/1529864/0000950170-25-022244.txt
10-K,FLOWERS FOODS INC,FLO,1128928,2025-02-18,0000950170-25-022243,https://www.sec.gov/Archives/edgar/data/1128928/0000950170-25-022243.txt
10-K,FLUOR CORP,FLR,1124198,2025-02-18,0001628280-25-005924,https://www.sec.gov/Archives/edgar/data/1124198/0001628280-25-005924.txt
10-K,"Frontier Group Holdings, Inc.",ULCC,1670076,2025-02-18,0001670076-25-000041,https://www.sec.gov/Archives/edgar/data/1670076/0001670076-25-000041.txt
10-K,GLADSTONE COMMERCIAL CORP,GOODO,1234006,2025-02-18,0001234006-25-000003,https://www.sec.gov/Archives/edgar/data/1234006/0001234006-25-000003.txt
10-K,GRACO INC,GGG,42888,2025-02-18,0000042888-25-000011,https://www.sec.gov/Archives/edgar/data/42888/0000042888-25-000011.txt
10-K,"GXO Logistics, Inc.",GXO,1852244,2025-02-18,0001852244-25-000007,https://www.sec.gov/Archives/edgar/data/1852244/0001852244-25-000007.txt
10-K,"HALOZYME THERAPEUTICS, INC.",HALO,1159036,2025-02-18,0001159036-25-000010,https://www.sec.gov/Archives/edgar/data/1159036/0001159036-25-000010.txt
10-K,HEARTLAND EXPRESS INC,HTLD,799233,2025-02-18,0000799233-25-000008,https://www.sec.gov/Archives/edgar/data/799233/0000799233-25-000008.txt
10-K,HERSHEY CO,HSY,47111,2025-02-18,0000047111-25-000014,https://www.sec.gov/Archives/edgar/data/47111/0000047111-25-000014.txt
10-K,HERTZ CORP,,47129,2025-02-18,0001657853-25-000015,https://www.sec.gov/Archives/edgar/data/47129/0001657853-25-000015.txt
10-K,"HERTZ GLOBAL HOLDINGS, INC",HTZWW,1657853,2025-02-18,0001657853-25-000015,https://www.sec.gov/Archives/edgar/data/1657853/0001657853-25-000015.txt
10-K,HUNTSMAN INTERNATIONAL LLC,,1089748,2025-02-18,0001437749-25-004205,https://www.sec.gov/Archives/edgar/data/1089748/0001437749-25-004205.txt
10-K,Huntsman CORP,HUN,1307954,2025-02-18,0001437749-25-004205,https://www.sec.gov/Archives/edgar/data/1307954/0001437749-25-004205.txt
10-K,"IDEAYA Biosciences, Inc.",IDYA,1676725,2025-02-18,0000950170-25-022183,https://www.sec.gov/Archives/edgar/data/1676725/0000950170-25-022183.txt
10-K,"INDEPENDENCE REALTY TRUST, INC.",IRT,1466085,2025-02-18,0001466085-25-000021,https://www.sec.gov/Archives/edgar/data/1466085/0001466085-25-000021.txt
10-K,JBG SMITH Properties,JBGS,1689796,2025-02-18,0001558370-25-001099,https://www.sec.gov/Archives/edgar/data/1689796/0001558370-25-001099.txt
10-K,KIRBY CORP,KEX,56047,2025-02-18,0000950170-25-022012,https://www.sec.gov/Archives/edgar/data/56047/0000950170-25-022012.txt
10-K,Liberty Global Ltd.,LBTYK,1570585,2025-02-18,0001570585-25-000021,https://www.sec.gov/Archives/edgar/data/1570585/0001570585-25-000021.txt
10-K,MEDIFAST INC,MED,910329,2025-02-18,0001628280-25-006094,https://www.sec.gov/Archives/edgar/data/910329/0001628280-25-006094.txt
10-K,MGM Resorts International,MGM,789570,2025-02-18,0000789570-25-000008,https://www.sec.gov/Archives/edgar/data/789570/0000789570-25-000008.txt
10-K,MICROSTRATEGY Inc,STRK,1050446,2025-02-18,0000950170-25-021814,https://www.sec.gov/Archives/edgar/data/1050446/0000950170-25-021814.txt
10-K,MOLSON COORS BEVERAGE CO,TAP-A,24545,2025-02-18,0000024545-25-000007,https://www.sec.gov/Archives/edgar/data/24545/0000024545-25-000007.txt
10-K,NEOGENOMICS INC,NEO,1077183,2025-02-18,0001077183-25-000028,https://www.sec.gov/Archives/edgar/data/1077183/0001077183-25-000028.txt
10-K,OCCIDENTAL PETROLEUM CORP /DE/,OXY-WT,797468,2025-02-18,0000797468-25-000029,https://www.sec.gov/Archives/edgar/data/797468/0000797468-25-000029.txt
10-K,"Oric Pharmaceuticals, Inc.",ORIC,1796280,2025-02-18,0000950170-25-022273,https://www.sec.gov/Archives/edgar/data/1796280/0000950170-25-022273.txt
10-K,PERDOCEO EDUCATION Corp,PRDO,1046568,2025-02-18,0000950170-25-022187,https://www.sec.gov/Archives/edgar/data/1046568/0000950170-25-022187.txt
10-K,Palantir Technologies Inc.,PLTR,1321655,2025-02-18,0001321655-25-000022,https://www.sec.gov/Archives/edgar/data/1321655/0001321655-25-000022.txt
10-K,Penumbra Inc,PEN,1321732,2025-02-18,0001321732-25-000012,https://www.sec.gov/Archives/edgar/data/1321732/0001321732-25-000012.txt
10-K,Polaris Inc.,PII,931015,2025-02-18,0001628280-25-006009,https://www.sec.gov/Archives/edgar/data/931015/0001628280-25-006009.txt
10-K,Rithm Capital Corp.,RITM-PD,1556593,2025-02-18,0001556593-25-000007,https://www.sec.gov/Archives/edgar/data/1556593/0001556593-25-000007.txt
10-K,Rithm Property Trust Inc.,RPT,1614806,2025-02-18,0001614806-25-000009,https://www.sec.gov/Archives/edgar/data/1614806/0001614806-25-000009.txt
10-K,"Robinhood Markets, Inc.",HOOD,1783879,2025-02-18,0001783879-25-000049,https://www.sec.gov/Archives/edgar/data/1783879/0001783879-25-000049.txt
10-K,Roblox Corp,RBLX,1315098,2025-02-18,0001315098-25-000033,https://www.sec.gov/Archives/edgar/data/1315098/0001315098-25-000033.txt
10-K,"SL GREEN OPERATING PARTNERSHIP, L.P.",,1492869,2025-02-18,0001040971-25-000010,https://www.sec.gov/Archives/edgar/data/1492869/0001040971-25-000010.txt
10-K,SL GREEN REALTY CORP,SLG-PI,1040971,2025-02-18,0001040971-25-000010,https://www.sec.gov/Archives/edgar/data/1040971/0001040971-25-000010.txt
10-K,SSR MINING INC.,SSRGF,921638,2025-02-18,0000921638-25-000041,https://www.sec.gov/Archives/edgar/data/921638/0000921638-25-000041.txt
10-K,"STANLEY BLACK & DECKER, INC.",SWK,93556,2025-02-18,0000093556-25-000007,https://www.sec.gov/Archives/edgar/data/93556/0000093556-25-000007.txt
10-K,"SYSTEM ENERGY RESOURCES, INC",,202584,2025-02-18,0000065984-25-000012,https://www.sec.gov/Archives/edgar/data/202584/0000065984-25-000012.txt
10-K,Seven Hills Realty Trust,SEVN,1452477,2025-02-18,0001452477-25-000014,https://www.sec.gov/Archives/edgar/data/1452477/0001452477-25-000014.txt
10-K,Star Holdings,STHO,1953366,2025-02-18,0001558370-25-001097,https://www.sec.gov/Archives/edgar/data/1953366/0001558370-25-001097.txt
10-K,TACTILE SYSTEMS TECHNOLOGY INC,TCMD,1027838,2025-02-18,0001558370-25-001096,https://www.sec.gov/Archives/edgar/data/1027838/0001558370-25-001096.txt
10-K,TENET HEALTHCARE CORP,THC,70318,2025-02-18,0000070318-25-000009,https://www.sec.gov/Archives/edgar/data/70318/0000070318-25-000009.txt
10-K,TENNANT CO,TNC,97134,2025-02-18,0000097134-25-000006,https://www.sec.gov/Archives/edgar/data/97134/0000097134-25-000006.txt
10-K,TPG Inc.,TPGXL,1880661,2025-02-18,0001880661-25-000014,https://www.sec.gov/Archives/edgar/data/1880661/0001880661-25-000014.txt
10-K,"TPG RE Finance Trust, Inc.",TRTX-PC,1630472,2025-02-18,0001630472-25-000005,https://www.sec.gov/Archives/edgar/data/1630472/0001630472-25-000005.txt
10-K,TWO HARBORS INVESTMENT CORP.,TWO-PA,1465740,2025-02-18,0001465740-25-000083,https://www.sec.gov/Archives/edgar/data/1465740/0001465740-25-000083.txt
10-K,Transocean Ltd.,RIG,1451505,2025-02-18,0001451505-25-000018,https://www.sec.gov/Archives/edgar/data/1451505/0001451505-25-000018.txt
10-K,"UDR, Inc.",UDR,74208,2025-02-18,0000074208-25-000010,https://www.sec.gov/Archives/edgar/data/74208/0000074208-25-000010.txt
10-K,UNION ELECTRIC CO,UEPCO,100826,2025-02-18,0001002910-25-000055,https://www.sec.gov/Archives/edgar/data/100826/0001002910-25-000055.txt
10-K,UNITED PARCEL SERVICE INC,UPS,1090727,2025-02-18,0001090727-25-000019,https://www.sec.gov/Archives/edgar/data/1090727/0001090727-25-000019.txt
10-K,VISTEON CORP,VC,1111335,2025-02-18,0001111335-25-000006,https://www.sec.gov/Archives/edgar/data/1111335/0001111335-25-000006.txt
10-K,Vertiv Holdings Co,VRT,1674101,2025-02-18,0001628280-25-005905,https://www.sec.gov/Archives/edgar/data/1674101/0001628280-25-005905.txt
10-K,WABASH NATIONAL Corp,WNC,879526,2025-02-18,0000879526-25-000012,https://www.sec.gov/Archives/edgar/data/879526/0000879526-25-000012.txt
10-K,WATTS WATER TECHNOLOGIES INC,WTS,795403,2025-02-18,0001558370-25-001102,https://www.sec.gov/Archives/edgar/data/795403/0001558370-25-001102.txt
10-K,WEST PHARMACEUTICAL SERVICES INC,WST,105770,2025-02-18,0000105770-25-000013,https://www.sec.gov/Archives/edgar/data/105770/0000105770-25-000013.txt
10-K,Waystar Holding Corp.,WAY,1990354,2025-02-18,0001410578-25-000148,https://www.sec.gov/Archives/edgar/data/1990354/0001410578-25-000148.txt
10-K,nVent Electric plc,NVT,1720635,2025-02-18,0001720635-25-000018,https://www.sec.gov/Archives/edgar/data/1720635/0001720635-25-000018.txt
10-K/A,DNOW Inc.,DNOW,1599617,2025-02-18,0000950170-25-022340,https://www.sec.gov/Archives/edgar/data/1599617/0000950170-25-022340.txt
10-K/A,"Healthcare Triangle, Inc.",HCTI,1839285,2025-02-18,0001213900-25-014503,https://www.sec.gov/Archives/edgar/data/1839285/0001213900-25-014503.txt
10-K/A,"urban-gro, Inc.",UGRO,1706524,2025-02-18,0001706524-25-000008,https://www.sec.gov/Archives/edgar/data/1706524/0001706524-25-000008.txt
10-K,ACADIA REALTY TRUST,AKR,899629,2025-02-14,0000950170-25-021145,https://www.sec.gov/Archives/edgar/data/899629/0000950170-25-021145.txt
10-K,"AFFILIATED MANAGERS GROUP, INC.",MGRD,1004434,2025-02-14,0001004434-25-000010,https://www.sec.gov/Archives/edgar/data/1004434/0001004434-25-000010.txt
10-K,"ALASKA AIR GROUP, INC.",ALK,766421,2025-02-14,0000766421-25-000009,https://www.sec.gov/Archives/edgar/data/766421/0000766421-25-000009.txt
10-K,ALLIANCEBERNSTEIN HOLDING L.P.,AB,825313,2025-02-14,0000825313-25-000014,https://www.sec.gov/Archives/edgar/data/825313/0000825313-25-000014.txt
10-K,ALLIANCEBERNSTEIN L.P.,,1109448,2025-02-14,0001109448-25-000011,https://www.sec.gov/Archives/edgar/data/1109448/0001109448-25-000011.txt
10-K,AMC Networks Inc.,AMCX,1514991,2025-02-14,0001514991-25-000009,https://www.sec.gov/Archives/edgar/data/1514991/0001514991-25-000009.txt
10-K,AMERICAN AXLE & MANUFACTURING HOLDINGS INC,AXL,1062231,2025-02-14,0001062231-25-000008,https://www.sec.gov/Archives/edgar/data/1062231/0001062231-25-000008.txt
10-K,AMGEN INC,AMGN,318154,2025-02-14,0000318154-25-000010,https://www.sec.gov/Archives/edgar/data/318154/0000318154-25-000010.txt
10-K,"AUTONATION, INC.",AN,350698,2025-02-14,0000350698-25-000029,https://www.sec.gov/Archives/edgar/data/350698/0000350698-25-000029.txt
10-K,"AVIS BUDGET GROUP, INC.",CAR,723612,2025-02-14,0000723612-25-000005,https://www.sec.gov/Archives/edgar/data/723612/0000723612-25-000005.txt
10-K,AbbVie Inc.,ABBV,1551152,2025-02-14,0001551152-25-000020,https://www.sec.gov/Archives/edgar/data/1551152/0001551152-25-000020.txt
10-K,Aptevo Therapeutics Inc.,APVO,1671584,2025-02-14,0000950170-25-020467,https://www.sec.gov/Archives/edgar/data/1671584/0000950170-25-020467.txt
10-K,"Astera Labs, Inc.",ALAB,1736297,2025-02-14,0001736297-25-000003,https://www.sec.gov/Archives/edgar/data/1736297/0001736297-25-000003.txt
10-K,"AtriCure, Inc.",ATRC,1323885,2025-02-14,0001323885-25-000009,https://www.sec.gov/Archives/edgar/data/1323885/0001323885-25-000009.txt
10-K,"Aurora Innovation, Inc.",AUROW,1828108,2025-02-14,0001828108-25-000028,https://www.sec.gov/Archives/edgar/data/1828108/0001828108-25-000028.txt
10-K,BADGER METER INC,BMI,9092,2025-02-14,0000950170-25-020889,https://www.sec.gov/Archives/edgar/data/9092/0000950170-25-020889.txt
10-K,"BIO-RAD LABORATORIES, INC.",BIO-B,12208,2025-02-14,0000012208-25-000007,https://www.sec.gov/Archives/edgar/data/12208/0000012208-25-000007.txt
10-K,"BREAD FINANCIAL HOLDINGS, INC.",BFH,1101215,2025-02-14,0001101215-25-000031,https://www.sec.gov/Archives/edgar/data/1101215/0001101215-25-000031.txt
10-K,BRUNSWICK CORP,BC-PC,14930,2025-02-14,0000014930-25-000025,https://www.sec.gov/Archives/edgar/data/14930/0000014930-25-000025.txt
10-K,"C. H. ROBINSON WORLDWIDE, INC.",CHRW,1043277,2025-02-14,0001043277-25-000012,https://www.sec.gov/Archives/edgar/data/1043277/0001043277-25-000012.txt
10-K,CARLISLE COMPANIES INC,CSL,790051,2025-02-14,0000790051-25-000077,https://www.sec.gov/Archives/edgar/data/790051/0000790051-25-000077.txt
10-K,CATERPILLAR FINANCIAL SERVICES CORP,,764764,2025-02-14,0000764764-25-000006,https://www.sec.gov/Archives/edgar/data/764764/0000764764-25-000006.txt
10-K,CATERPILLAR INC,CAT,18230,2025-02-14,0000018230-25-000008,https://www.sec.gov/Archives/edgar/data/18230/0000018230-25-000008.txt
10-K,"CBRE GROUP, INC.",CBRE,1138118,2025-02-14,0001138118-25-000005,https://www.sec.gov/Archives/edgar/data/1138118/0001138118-25-000005.txt
10-K,CONNECTICUT LIGHT & POWER CO,CNLHN,23426,2025-02-14,0000072741-25-000007,https://www.sec.gov/Archives/edgar/data/23426/0000072741-25-000007.txt
10-K,Clipper Realty Inc.,CLPR,1649096,2025-02-14,0001437749-25-003988,https://www.sec.gov/Archives/edgar/data/1649096/0001437749-25-003988.txt
10-K,Cooper-Standard Holdings Inc.,CPS,1320461,2025-02-14,0001320461-25-000033,https://www.sec.gov/Archives/edgar/data/1320461/0001320461-25-000033.txt
10-K,"Corteva, Inc.",CTVA,1755672,2025-02-14,0001755672-25-000005,https://www.sec.gov/Archives/edgar/data/1755672/0001755672-25-000005.txt
10-K,DIODES INC /DEL/,DIOD,29002,2025-02-14,0000950170-25-021400,https://www.sec.gov/Archives/edgar/data/29002/0000950170-25-021400.txt
10-K,DOVER Corp,DOV,29905,2025-02-14,0000029905-25-000006,https://www.sec.gov/Archives/edgar/data/29905/0000029905-25-000006.txt
10-K,"DoorDash, Inc.",DASH,1792789,2025-02-14,0001628280-25-005715,https://www.sec.gov/Archives/edgar/data/1792789/0001628280-25-005715.txt
10-K,Douglas Emmett Inc,DEI,1364250,2025-02-14,0001364250-25-000014,https://www.sec.gov/Archives/edgar/data/1364250/0001364250-25-000014.txt
10-K,DraftKings Inc.,DKNG,1883685,2025-02-14,0001883685-25-000010,https://www.sec.gov/Archives/edgar/data/1883685/0001883685-25-000010.txt
10-K,"DuPont de Nemours, Inc.",DD,1666700,2025-02-14,0001666700-25-000005,https://www.sec.gov/Archives/edgar/data/1666700/0001666700-25-000005.txt
10-K,EASTMAN CHEMICAL CO,EMN,915389,2025-02-14,0000915389-25-000012,https://www.sec.gov/Archives/edgar/data/915389/0000915389-25-000012.txt
10-K,"EIDP, Inc.",CTA-PA,30554,2025-02-14,0001755672-25-000005,https://www.sec.gov/Archives/edgar/data/30554/0001755672-25-000005.txt
10-K,ENBRIDGE INC,EBBGF,895728,2025-02-14,0000895728-25-000006,https://www.sec.gov/Archives/edgar/data/895728/0000895728-25-000006.txt
10-K,EVERSOURCE ENERGY,ES,72741,2025-02-14,0000072741-25-000007,https://www.sec.gov/Archives/edgar/data/72741/0000072741-25-000007.txt
10-K,Elme Communities,ELME,104894,2025-02-14,0000104894-25-000020,https://www.sec.gov/Archives/edgar/data/104894/0000104894-25-000020.txt
10-K,Energy Transfer LP,ET-PI,1276187,2025-02-14,0001276187-25-000018,https://www.sec.gov/Archives/edgar/data/1276187/0001276187-25-000018.txt
10-K,FEDERAL NATIONAL MORTGAGE ASSOCIATION FANNIE MAE,FNMAP,310522,2025-02-14,0000310522-25-000199,https://www.sec.gov/Archives/edgar/data/310522/0000310522-25-000199.txt
10-K,FIRST INDUSTRIAL LP,,1033128,2025-02-14,0000921825-25-000019,https://www.sec.gov/Archives/edgar/data/1033128/0000921825-25-000019.txt
10-K,FIRST INDUSTRIAL REALTY TRUST INC,FR,921825,2025-02-14,0000921825-25-000019,https://www.sec.gov/Archives/edgar/data/921825/0000921825-25-000019.txt
10-K,FLORIDA POWER & LIGHT CO,,37634,2025-02-14,0000753308-25-000011,https://www.sec.gov/Archives/edgar/data/37634/0000753308-25-000011.txt
10-K,FREEPORT-MCMORAN INC,FCX,831259,2025-02-14,0000831259-25-000006,https://www.sec.gov/Archives/edgar/data/831259/0000831259-25-000006.txt
10-K,GLOBAL PAYMENTS INC,GPN,1123360,2025-02-14,0001123360-25-000011,https://www.sec.gov/Archives/edgar/data/1123360/0001123360-25-000011.txt
10-K,GOODYEAR TIRE & RUBBER CO /OH/,GT,42582,2025-02-14,0000950170-25-020763,https://www.sec.gov/Archives/edgar/data/42582/0000950170-25-020763.txt
10-K,GRAFTECH INTERNATIONAL LTD,EAF,931148,2025-02-14,0000931148-25-000028,https://www.sec.gov/Archives/edgar/data/931148/0000931148-25-000028.txt
10-K,GRANITE CONSTRUCTION INC,GVA,861459,2025-02-14,0000861459-25-000007,https://www.sec.gov/Archives/edgar/data/861459/0000861459-25-000007.txt
10-K,GROUP 1 AUTOMOTIVE INC,GPI,1031203,2025-02-14,0001031203-25-000013,https://www.sec.gov/Archives/edgar/data/1031203/0001031203-25-000013.txt
10-K,"HA Sustainable Infrastructure Capital, Inc.",HASI,1561894,2025-02-14,0001561894-25-000007,https://www.sec.gov/Archives/edgar/data/1561894/0001561894-25-000007.txt
10-K,HARMONIC INC,HLIT,851310,2025-02-14,0000851310-25-000021,https://www.sec.gov/Archives/edgar/data/851310/0000851310-25-000021.txt
10-K,"HCA Healthcare, Inc.",HCA,860730,2025-02-14,0000950170-25-020134,https://www.sec.gov/Archives/edgar/data/860730/0000950170-25-020134.txt
10-K,HEALTHCARE SERVICES GROUP INC,HCSG,731012,2025-02-14,0000731012-25-000032,https://www.sec.gov/Archives/edgar/data/731012/0000731012-25-000032.txt
10-K,HONEYWELL INTERNATIONAL INC,HON,773840,2025-02-14,0000773840-25-000010,https://www.sec.gov/Archives/edgar/data/773840/0000773840-25-000010.txt
10-K,HUNTINGTON BANCSHARES INC /MD/,HBANM,49196,2025-02-14,0000049196-25-000020,https://www.sec.gov/Archives/edgar/data/49196/0000049196-25-000020.txt
10-K,Hanesbrands Inc.,HBI,1359841,2025-02-14,0001359841-25-000008,https://www.sec.gov/Archives/edgar/data/1359841/0001359841-25-000008.txt
10-K,Hilltop Holdings Inc.,HTH,1265131,2025-02-14,0001558370-25-001023,https://www.sec.gov/Archives/edgar/data/1265131/0001558370-25-001023.txt
10-K,Howmet Aerospace Inc.,HWM-P,4281,2025-02-14,0000004281-25-000011,https://www.sec.gov/Archives/edgar/data/4281/0000004281-25-000011.txt
10-K,ILLINOIS TOOL WORKS INC,ITW,49826,2025-02-14,0000049826-25-000007,https://www.sec.gov/Archives/edgar/data/49826/0000049826-25-000007.txt
10-K,INSIGHT ENTERPRISES INC,NSIT,932696,2025-02-14,0001628280-25-005817,https://www.sec.gov/Archives/edgar/data/932696/0001628280-25-005817.txt
10-K,INTEVAC INC,IVAC,1001902,2025-02-14,0001193125-25-027255,https://www.sec.gov/Archives/edgar/data/1001902/0001193125-25-027255.txt
10-K,IRON MOUNTAIN INC,IRM,1020569,2025-02-14,0001020569-25-000040,https://www.sec.gov/Archives/edgar/data/1020569/0001020569-25-000040.txt
10-K,ITC Holdings Corp.,,1317630,2025-02-14,0001317630-25-000002,https://www.sec.gov/Archives/edgar/data/1317630/0001317630-25-000002.txt
10-K,JETBLUE AIRWAYS CORP,JBLU,1158463,2025-02-14,0001158463-25-000005,https://www.sec.gov/Archives/edgar/data/1158463/0001158463-25-000005.txt
10-K,JFrog Ltd,FROG,1800667,2025-02-14,0000950170-25-021340,https://www.sec.gov/Archives/edgar/data/1800667/0000950170-25-021340.txt
10-K,JPMORGAN CHASE & CO,JPM-PM,19617,2025-02-14,0000019617-25-000270,https://www.sec.gov/Archives/edgar/data/19617/0000019617-25-000270.txt
10-K,"Kiromic Biopharma, Inc.",KRBP,1792581,2025-02-14,0001437749-25-004000,https://www.sec.gov/Archives/edgar/data/1792581/0001437749-25-004000.txt
10-K,"L3HARRIS TECHNOLOGIES, INC. /DE/",LHX,202058,2025-02-14,0000202058-25-000023,https://www.sec.gov/Archives/edgar/data/202058/0000202058-25-000023.txt
10-K,LATTICE SEMICONDUCTOR CORP,LSCC,855658,2025-02-14,0001437749-25-003987,https://www.sec.gov/Archives/edgar/data/855658/0001437749-25-003987.txt
10-K,LEAR CORP,LEA,842162,2025-02-14,0000842162-25-000010,https://www.sec.gov/Archives/edgar/data/842162/0000842162-25-000010.txt
10-K,"Lyft, Inc.",LYFT,1759509,2025-02-14,0001759509-25-000025,https://www.sec.gov/Archives/edgar/data/1759509/0001759509-25-000025.txt
10-K,"M/I HOMES, INC.",MHO,799292,2025-02-14,0000799292-25-000018,https://www.sec.gov/Archives/edgar/data/799292/0000799292-25-000018.txt
10-K,MOODYS CORP /DE/,MCO,1059556,2025-02-14,0001059556-25-000025,https://www.sec.gov/Archives/edgar/data/1059556/0001059556-25-000025.txt
10-K,MSA Safety Inc,MNESP,66570,2025-02-14,0000066570-25-000007,https://www.sec.gov/Archives/edgar/data/66570/0000066570-25-000007.txt
10-K,"Motorola Solutions, Inc.",MSI,68505,2025-02-14,0000068505-25-000012,https://www.sec.gov/Archives/edgar/data/68505/0000068505-25-000012.txt
10-K,"NETGEAR, INC.",NTGR,1122904,2025-02-14,0000950170-25-021413,https://www.sec.gov/Archives/edgar/data/1122904/0000950170-25-021413.txt
10-K,NEWELL BRANDS INC.,NWL,814453,2025-02-14,0000814453-25-000008,https://www.sec.gov/Archives/edgar/data/814453/0000814453-25-000008.txt
10-K,NEWMARKET CORP,NEU,1282637,2025-02-14,0001282637-25-000004,https://www.sec.gov/Archives/edgar/data/1282637/0001282637-25-000004.txt
10-K,NEXTERA ENERGY INC,NEE-PR,753308,2025-02-14,0000753308-25-000011,https://www.sec.gov/Archives/edgar/data/753308/0000753308-25-000011.txt
10-K,"NMI Holdings, Inc.",NMIH,1547903,2025-02-14,0001547903-25-000026,https://www.sec.gov/Archives/edgar/data/1547903/0001547903-25-000026.txt
10-K,NOV Inc.,NOV,1021860,2025-02-14,0000950170-25-021042,https://www.sec.gov/Archives/edgar/data/1021860/0000950170-25-021042.txt
10-K,NSTAR ELECTRIC CO,NSARP,13372,2025-02-14,0000072741-25-000007,https://www.sec.gov/Archives/edgar/data/13372/0000072741-25-000007.txt
10-K,"NU SKIN ENTERPRISES, INC.",NUS,1021561,2025-02-14,0001140361-25-004907,https://www.sec.gov/Archives/edgar/data/1021561/0001140361-25-004907.txt
10-K,PORTLAND GENERAL ELECTRIC CO /OR/,POR,784977,2025-02-14,0000784977-25-000012,https://www.sec.gov/Archives/edgar/data/784977/0000784977-25-000012.txt
10-K,PRICE T ROWE GROUP INC,TROW,1113169,2025-02-14,0001113169-25-000007,https://www.sec.gov/Archives/edgar/data/1113169/0001113169-25-000007.txt
10-K,PUBLIC SERVICE CO OF NEW HAMPSHIRE,,315256,2025-02-14,0000072741-25-000007,https://www.sec.gov/Archives/edgar/data/315256/0000072741-25-000007.txt
10-K,"Prologis, Inc.",PLDGP,1045609,2025-02-14,0000950170-25-021272,https://www.sec.gov/Archives/edgar/data/1045609/0000950170-25-021272.txt
10-K,"Prologis, L.P.",,1045610,2025-02-14,0000950170-25-021272,https://www.sec.gov/Archives/edgar/data/1045610/0000950170-25-021272.txt
10-K,RADIAN GROUP INC,RDN,890926,2025-02-14,0000950170-25-021241,https://www.sec.gov/Archives/edgar/data/890926/0000950170-25-021241.txt
10-K,REGENCY CENTERS CORP,REGCP,910606,2025-02-14,0000950170-25-021359,https://www.sec.gov/Archives/edgar/data/910606/0000950170-25-021359.txt
10-K,REGENCY CENTERS LP,,1066247,2025-02-14,0000950170-25-021359,https://www.sec.gov/Archives/edgar/data/1066247/0000950170-25-021359.txt
10-K,"REPUBLIC SERVICES, INC.",RSG,1060391,2025-02-14,0001060391-25-000091,https://www.sec.gov/Archives/edgar/data/1060391/0001060391-25-000091.txt
10-K,RF Acquisition Corp.,RFACW,1847607,2025-02-14,0001410578-25-000130,https://www.sec.gov/Archives/edgar/data/1847607/0001410578-25-000130.txt
10-K,"ROKU, INC",ROKU,1428439,2025-02-14,0001428439-25-000013,https://www.sec.gov/Archives/edgar/data/1428439/0001428439-25-000013.txt
10-K,ROYAL CARIBBEAN CRUISES LTD,RCL,884887,2025-02-14,0000884887-25-000050,https://www.sec.gov/Archives/edgar/data/884887/0000884887-25-000050.txt
10-K,"Rennova Health, Inc.",,931059,2025-02-14,0001493152-25-006522,https://www.sec.gov/Archives/edgar/data/931059/0001493152-25-006522.txt
10-K,"SCI Engineered Materials, Inc.",SCIA,830616,2025-02-14,0001558370-25-000969,https://www.sec.gov/Archives/edgar/data/830616/0001558370-25-000969.txt
10-K,SITIME Corp,SITM,1451809,2025-02-14,0001451809-25-000034,https://www.sec.gov/Archives/edgar/data/1451809/0001451809-25-000034.txt
10-K,Sixth Street Lending Partners,,1925309,2025-02-14,0000950170-25-021144,https://www.sec.gov/Archives/edgar/data/1925309/0000950170-25-021144.txt
10-K,Sunoco LP,SUN,1552275,2025-02-14,0001552275-25-000019,https://www.sec.gov/Archives/edgar/data/1552275/0001552275-25-000019.txt
10-K,TEXAS INSTRUMENTS INC,TXN,97476,2025-02-14,0000097476-25-000007,https://www.sec.gov/Archives/edgar/data/97476/0000097476-25-000007.txt
10-K,TUCSON ELECTRIC POWER CO,,100122,2025-02-14,0000100122-25-000004,https://www.sec.gov/Archives/edgar/data/100122/0000100122-25-000004.txt
10-K,"TreeHouse Foods, Inc.",THS,1320695,2025-02-14,0001320695-25-000007,https://www.sec.gov/Archives/edgar/data/1320695/0001320695-25-000007.txt
10-K,Trilogy Metals Inc.,TMQ,1543418,2025-02-14,0001558370-25-000964,https://www.sec.gov/Archives/edgar/data/1543418/0001558370-25-000964.txt
10-K,Trump Media & Technology Group Corp.,DJTWW,1849635,2025-02-14,0001140361-25-004822,https://www.sec.gov/Archives/edgar/data/1849635/0001140361-25-004822.txt
10-K,"Uber Technologies, Inc",UBER,1543151,2025-02-14,0001543151-25-000008,https://www.sec.gov/Archives/edgar/data/1543151/0001543151-25-000008.txt
10-K,"Upstart Holdings, Inc.",UPST,1647639,2025-02-14,0001647639-25-000018,https://www.sec.gov/Archives/edgar/data/1647639/0001647639-25-000018.txt
10-K,VEECO INSTRUMENTS INC,VECO,103145,2025-02-14,0001558370-25-001001,https://www.sec.gov/Archives/edgar/data/103145/0001558370-25-001001.txt
10-K,VISHAY INTERTECHNOLOGY INC,VSH,103730,2025-02-14,0000103730-25-000017,https://www.sec.gov/Archives/edgar/data/103730/0000103730-25-000017.txt
10-K,Vanda Pharmaceuticals Inc.,VNDA,1347178,2025-02-14,0001628280-25-005761,https://www.sec.gov/Archives/edgar/data/1347178/0001628280-25-005761.txt
10-K,WESCO INTERNATIONAL INC,WCC-PA,929008,2025-02-14,0000929008-25-000005,https://www.sec.gov/Archives/edgar/data/929008/0000929008-25-000005.txt
10-K,WEYERHAEUSER CO,WY,106535,2025-02-14,0000950170-25-021254,https://www.sec.gov/Archives/edgar/data/106535/0000950170-25-021254.txt
10-K,"10x Genomics, Inc.",TXG,1770787,2025-02-13,0001770787-25-000013,https://www.sec.gov/Archives/edgar/data/1770787/0001770787-25-000013.txt
10-K,AEP Texas Inc.,,1721781,2025-02-13,0000004904-25-000027,https://www.sec.gov/Archives/edgar/data/1721781/0000004904-25-000027.txt
10-K,"AEP Transmission Company, LLC",,1702494,2025-02-13,0000004904-25-000027,https://www.sec.gov/Archives/edgar/data/1702494/0000004904-25-000027.txt
10-K,"AGIOS PHARMACEUTICALS, INC.",AGIO,1439222,2025-02-13,0001439222-25-000009,https://www.sec.gov/Archives/edgar/data/1439222/0001439222-25-000009.txt
10-K,AIR LEASE CORP,AL,1487712,2025-02-13,0001628280-25-005392,https://www.sec.gov/Archives/edgar/data/1487712/0001628280-25-005392.txt
10-K,ALLETE INC,ALE,66756,2025-02-13,0000066756-25-000013,https://www.sec.gov/Archives/edgar/data/66756/0000066756-25-000013.txt
10-K,"ALNYLAM PHARMACEUTICALS, INC.",ALNY,1178670,2025-02-13,0001178670-25-000026,https://www.sec.gov/Archives/edgar/data/1178670/0001178670-25-000026.txt
10-K,AMERICAN ELECTRIC POWER CO INC,AEP,4904,2025-02-13,0000004904-25-000027,https://www.sec.gov/Archives/edgar/data/4904/0000004904-25-000027.txt
10-K,"AMERICAN INTERNATIONAL GROUP, INC.",AIG,5272,2025-02-13,0000005272-25-000012,https://www.sec.gov/Archives/edgar/data/5272/0000005272-25-000012.txt
10-K,ANNALY CAPITAL MANAGEMENT INC,NLY-PI,1043219,2025-02-13,0001628280-25-005451,https://www.sec.gov/Archives/edgar/data/1043219/0001628280-25-005451.txt
10-K,APPALACHIAN POWER CO,,6879,2025-02-13,0000004904-25-000027,https://www.sec.gov/Archives/edgar/data/6879/0000004904-25-000027.txt
10-K,"AVITA Medical, Inc.",AVHHL,1762303,2025-02-13,0000950170-25-020026,https://www.sec.gov/Archives/edgar/data/1762303/0000950170-25-020026.txt
10-K,"Airbnb, Inc.",ABNB,1559720,2025-02-13,0001559720-25-000010,https://www.sec.gov/Archives/edgar/data/1559720/0001559720-25-000010.txt
10-K,Allison Transmission Holdings Inc,ALSN,1411207,2025-02-13,0000950170-25-019379,https://www.sec.gov/Archives/edgar/data/1411207/0000950170-25-019379.txt
10-K,"Altice USA, Inc.",ATUS,1702780,2025-02-13,0001628280-25-005486,https://www.sec.gov/Archives/edgar/data/1702780/0001628280-25-005486.txt
10-K,Axalta Coating Systems Ltd.,AXTA,1616862,2025-02-13,0001616862-25-000013,https://www.sec.gov/Archives/edgar/data/1616862/0001616862-25-000013.txt
10-K,BELDEN INC.,BDC,913142,2025-02-13,0000913142-25-000005,https://www.sec.gov/Archives/edgar/data/913142/0000913142-25-000005.txt
10-K,"BROWN & BROWN, INC.",BRO,79282,2025-02-13,0000950170-25-019039,https://www.sec.gov/Archives/edgar/data/79282/0000950170-25-019039.txt
10-K,Blueprint Medicines Corp,BPMC,1597264,2025-02-13,0001558370-25-000953,https://www.sec.gov/Archives/edgar/data/1597264/0001558370-25-000953.txt
10-K,CHURCH & DWIGHT CO INC /DE/,CHD,313927,2025-02-13,0000950170-25-019801,https://www.sec.gov/Archives/edgar/data/313927/0000950170-25-019801.txt
10-K,CITIZENS FINANCIAL GROUP INC/RI,CFG-PH,759944,2025-02-13,0000759944-25-000013,https://www.sec.gov/Archives/edgar/data/759944/0000759944-25-000013.txt
10-K,COGNEX CORP,CGNX,851205,2025-02-13,0000851205-25-000012,https://www.sec.gov/Archives/edgar/data/851205/0000851205-25-000012.txt
10-K,COLGATE PALMOLIVE CO,CL,21665,2025-02-13,0000021665-25-000008,https://www.sec.gov/Archives/edgar/data/21665/0000021665-25-000008.txt
10-K,CORNING INC /NY,GLW,24741,2025-02-13,0001628280-25-005347,https://www.sec.gov/Archives/edgar/data/24741/0001628280-25-005347.txt
10-K,CURTISS WRIGHT CORP,CW,26324,2025-02-13,0000026324-25-000015,https://www.sec.gov/Archives/edgar/data/26324/0000026324-25-000015.txt
10-K,"Coinbase Global, Inc.",COIN,1679788,2025-02-13,0001679788-25-000022,https://www.sec.gov/Archives/edgar/data/1679788/0001679788-25-000022.txt
10-K,Core Laboratories Inc. /DE/,CLB,1958086,2025-02-13,0000950170-25-019072,https://www.sec.gov/Archives/edgar/data/1958086/0000950170-25-019072.txt
10-K,"Corebridge Financial, Inc.",CRBD,1889539,2025-02-13,0001889539-25-000014,https://www.sec.gov/Archives/edgar/data/1889539/0001889539-25-000014.txt
10-K,"Crocs, Inc.",CROX,1334036,2025-02-13,0001334036-25-000009,https://www.sec.gov/Archives/edgar/data/1334036/0001334036-25-000009.txt
10-K,DAVITA INC.,DVA,927066,2025-02-13,0000927066-25-000012,https://www.sec.gov/Archives/edgar/data/927066/0000927066-25-000012.txt
10-K,DTE ENERGY CO,DTB,936340,2025-02-13,0000936340-25-000065,https://www.sec.gov/Archives/edgar/data/936340/0000936340-25-000065.txt
10-K,DTE Electric Co,,28385,2025-02-13,0000936340-25-000065,https://www.sec.gov/Archives/edgar/data/28385/0000936340-25-000065.txt
10-K,Dutch Bros Inc.,BROS,1866581,2025-02-13,0001866581-25-000048,https://www.sec.gov/Archives/edgar/data/1866581/0001866581-25-000048.txt
10-K,Dutch Oven Gold Group Inc.,,1411168,2025-02-13,0001376474-25-000204,https://www.sec.gov/Archives/edgar/data/1411168/0001376474-25-000204.txt
10-K,EQUITY RESIDENTIAL,EQR,906107,2025-02-13,0000950170-25-019894,https://www.sec.gov/Archives/edgar/data/906107/0000950170-25-019894.txt
10-K,ERP OPERATING LTD PARTNERSHIP,,931182,2025-02-13,0000950170-25-019894,https://www.sec.gov/Archives/edgar/data/931182/0000950170-25-019894.txt
10-K,Envista Holdings Corp,NVST,1757073,2025-02-13,0001757073-25-000007,https://www.sec.gov/Archives/edgar/data/1757073/0001757073-25-000007.txt
10-K,FEDERAL HOME LOAN MORTGAGE CORP,FMCKK,1026214,2025-02-13,0001026214-25-000040,https://www.sec.gov/Archives/edgar/data/1026214/0001026214-25-000040.txt
10-K,FEDERAL REALTY INVESTMENT TRUST,FRT-PC,34903,2025-02-13,0000034903-25-000016,https://www.sec.gov/Archives/edgar/data/34903/0000034903-25-000016.txt
10-K,Federal Realty OP LP,,1901876,2025-02-13,0000034903-25-000016,https://www.sec.gov/Archives/edgar/data/1901876/0000034903-25-000016.txt
10-K,"Fidelity National Information Services, Inc.",FIS,1136893,2025-02-13,0001136893-25-000014,https://www.sec.gov/Archives/edgar/data/1136893/0001136893-25-000014.txt
10-K,"Four Corners Property Trust, Inc.",FCPT,1650132,2025-02-13,0000950170-25-020029,https://www.sec.gov/Archives/edgar/data/1650132/0000950170-25-020029.txt
10-K,GARTNER INC,IT,749251,2025-02-13,0000749251-25-000008,https://www.sec.gov/Archives/edgar/data/749251/0000749251-25-000008.txt
10-K,GE HealthCare Technologies Inc.,GEHC,1932393,2025-02-13,0001932393-25-000005,https://www.sec.gov/Archives/edgar/data/1932393/0001932393-25-000005.txt
10-K,GETTY REALTY CORP /MD/,GTY,1052752,2025-02-13,0000950170-25-019976,https://www.sec.gov/Archives/edgar/data/1052752/0000950170-25-019976.txt
10-K,GLYCOMIMETICS INC,GLYC,1253689,2025-02-13,0001558370-25-000948,https://www.sec.gov/Archives/edgar/data/1253689/0001558370-25-000948.txt
10-K,Goldman Sachs Real Estate Finance Trust Inc,,2027537,2025-02-13,0002027537-25-000004,https://www.sec.gov/Archives/edgar/data/2027537/0002027537-25-000004.txt
10-K,HECLA MINING CO/DE/,HL-PB,719413,2025-02-13,0000950170-25-019955,https://www.sec.gov/Archives/edgar/data/719413/0000950170-25-019955.txt
10-K,HERC HOLDINGS INC,HRI,1364479,2025-02-13,0001364479-25-000007,https://www.sec.gov/Archives/edgar/data/1364479/0001364479-25-000007.txt
10-K,HUBBELL INC,HUBB,48898,2025-02-13,0001628280-25-005311,https://www.sec.gov/Archives/edgar/data/48898/0001628280-25-005311.txt
10-K,"Hercules Capital, Inc.",HCXY,1280784,2025-02-13,0001280784-25-000007,https://www.sec.gov/Archives/edgar/data/1280784/0001280784-25-000007.txt
10-K,Hyatt Hotels Corp,H,1468174,2025-02-13,0001468174-25-000009,https://www.sec.gov/Archives/edgar/data/1468174/0001468174-25-000009.txt
10-K,INDIANA MICHIGAN POWER CO,,50172,2025-02-13,0000004904-25-000027,https://www.sec.gov/Archives/edgar/data/50172/0000004904-25-000027.txt
10-K,IQVIA HOLDINGS INC.,IQV,1478242,2025-02-13,0001478242-25-000045,https://www.sec.gov/Archives/edgar/data/1478242/0001478242-25-000045.txt
10-K,InvenTrust Properties Corp.,IVT,1307748,2025-02-13,0001307748-25-000028,https://www.sec.gov/Archives/edgar/data/1307748/0001307748-25-000028.txt
10-K,Iridium Communications Inc.,IRDM,1418819,2025-02-13,0001628280-25-005302,https://www.sec.gov/Archives/edgar/data/1418819/0001628280-25-005302.txt
10-K,JOHNSON & JOHNSON,JNJ,200406,2025-02-13,0000200406-25-000038,https://www.sec.gov/Archives/edgar/data/200406/0000200406-25-000038.txt
10-K,KELLY SERVICES INC,KELYB,55135,2025-02-13,0000055135-25-000007,https://www.sec.gov/Archives/edgar/data/55135/0000055135-25-000007.txt
10-K,KENTUCKY UTILITIES CO,,55387,2025-02-13,0000922224-25-000009,https://www.sec.gov/Archives/edgar/data/55387/0000922224-25-000009.txt
10-K,KILROY REALTY CORP,KRC,1025996,2025-02-13,0001025996-25-000052,https://www.sec.gov/Archives/edgar/data/1025996/0001025996-25-000052.txt
10-K,KIMBERLY CLARK CORP,KMB,55785,2025-02-13,0000055785-25-000013,https://www.sec.gov/Archives/edgar/data/55785/0000055785-25-000013.txt
10-K,"KINDER MORGAN, INC.",EP-PC,1506307,2025-02-13,0001506307-25-000008,https://www.sec.gov/Archives/edgar/data/1506307/0001506307-25-000008.txt
10-K,"Kilroy Realty, L.P.",,1493976,2025-02-13,0001025996-25-000052,https://www.sec.gov/Archives/edgar/data/1493976/0001025996-25-000052.txt
10-K,Knowles Corp,KN,1587523,2025-02-13,0001587523-25-000010,https://www.sec.gov/Archives/edgar/data/1587523/0001587523-25-000010.txt
10-K,Kraft Heinz Co,KHC,1637459,2025-02-13,0001637459-25-000011,https://www.sec.gov/Archives/edgar/data/1637459/0001637459-25-000011.txt
10-K,LOUISVILLE GAS & ELECTRIC CO /KY/,,60549,2025-02-13,0000922224-25-000009,https://www.sec.gov/Archives/edgar/data/60549/0000922224-25-000009.txt
10-K,LXP Industrial Trust,LXP-PC,910108,2025-02-13,0001444838-25-000023,https://www.sec.gov/Archives/edgar/data/910108/0001444838-25-000023.txt
10-K,LendingClub Corp,LC,1409970,2025-02-13,0001409970-25-000009,https://www.sec.gov/Archives/edgar/data/1409970/0001409970-25-000009.txt
10-K,Mobileye Global Inc.,MBLY,1910139,2025-02-13,0001410578-25-000127,https://www.sec.gov/Archives/edgar/data/1910139/0001410578-25-000127.txt
10-K,NABORS INDUSTRIES LTD,NBRWF,1163739,2025-02-13,0001558370-25-000926,https://www.sec.gov/Archives/edgar/data/1163739/0001558370-25-000926.txt
10-K,NFiniTi inc.,NFTN,1544400,2025-02-13,0001477932-25-000927,https://www.sec.gov/Archives/edgar/data/1544400/0001477932-25-000927.txt
10-K,"NorthWestern Energy Group, Inc.",NWE,1993004,2025-02-13,0001993004-25-000021,https://www.sec.gov/Archives/edgar/data/1993004/0001993004-25-000021.txt
10-K,OFFICE PROPERTIES INCOME TRUST,OPINL,1456772,2025-02-13,0001456772-25-000013,https://www.sec.gov/Archives/edgar/data/1456772/0001456772-25-000013.txt
10-K,OHIO POWER CO,,73986,2025-02-13,0000004904-25-000027,https://www.sec.gov/Archives/edgar/data/73986/0000004904-25-000027.txt
10-K,OMEGA HEALTHCARE INVESTORS INC,OHI,888491,2025-02-13,0000888491-25-000006,https://www.sec.gov/Archives/edgar/data/888491/0000888491-25-000006.txt
10-K,PACIFIC GAS & ELECTRIC Co,,75488,2025-02-13,0001004980-25-000010,https://www.sec.gov/Archives/edgar/data/75488/0001004980-25-000010.txt
10-K,PBF Energy Inc.,PBF,1534504,2025-02-13,0001534504-25-000011,https://www.sec.gov/Archives/edgar/data/1534504/0001534504-25-000011.txt
10-K,PG&E Corp,PCG-PX,1004980,2025-02-13,0001004980-25-000010,https://www.sec.gov/Archives/edgar/data/1004980/0001004980-25-000010.txt
10-K,PHINIA INC.,PHIN,1968915,2025-02-13,0001968915-25-000006,https://www.sec.gov/Archives/edgar/data/1968915/0001968915-25-000006.txt
10-K,PILGRIMS PRIDE CORP,PPC,802481,2025-02-13,0000802481-25-000011,https://www.sec.gov/Archives/edgar/data/802481/0000802481-25-000011.txt
10-K,POTLATCHDELTIC CORP,PCH,1338749,2025-02-13,0000950170-25-019711,https://www.sec.gov/Archives/edgar/data/1338749/0000950170-25-019711.txt
10-K,PPL Corp,PPL,922224,2025-02-13,0000922224-25-000009,https://www.sec.gov/Archives/edgar/data/922224/0000922224-25-000009.txt
10-K,PPL ELECTRIC UTILITIES CORP,,317187,2025-02-13,0000922224-25-000009,https://www.sec.gov/Archives/edgar/data/317187/0000922224-25-000009.txt
10-K,PRUDENTIAL FINANCIAL INC,PRS,1137774,2025-02-13,0001137774-25-000044,https://www.sec.gov/Archives/edgar/data/1137774/0001137774-25-000044.txt
10-K,PUBLIC SERVICE CO OF OKLAHOMA,,81027,2025-02-13,0000004904-25-000027,https://www.sec.gov/Archives/edgar/data/81027/0000004904-25-000027.txt
10-K,REST EZ Inc.,,1733861,2025-02-13,0001185185-25-000130,https://www.sec.gov/Archives/edgar/data/1733861/0001185185-25-000130.txt
10-K,ROBERT HALF INC.,RHI,315213,2025-02-13,0000315213-25-000007,https://www.sec.gov/Archives/edgar/data/315213/0000315213-25-000007.txt
10-K,ROLLINS INC,ROL,84839,2025-02-13,0000084839-25-000024,https://www.sec.gov/Archives/edgar/data/84839/0000084839-25-000024.txt
10-K,ROYAL GOLD INC,RGLD,85535,2025-02-13,0000085535-25-000012,https://www.sec.gov/Archives/edgar/data/85535/0000085535-25-000012.txt
10-K,"Reddit, Inc.",RDDT,1713445,2025-02-13,0001713445-25-000018,https://www.sec.gov/Archives/edgar/data/1713445/0001713445-25-000018.txt
10-K,SEABOARD CORP /DE/,SEB,88121,2025-02-13,0000088121-25-000017,https://www.sec.gov/Archives/edgar/data/88121/0000088121-25-000017.txt
10-K,SERVICE CORP INTERNATIONAL,SCI,89089,2025-02-13,0000089089-25-000011,https://www.sec.gov/Archives/edgar/data/89089/0000089089-25-000011.txt
10-K,SKYWEST INC,SKYW,793733,2025-02-13,0001558370-25-000943,https://www.sec.gov/Archives/edgar/data/793733/0001558370-25-000943.txt
10-K,SOUTHWESTERN ELECTRIC POWER CO,,92487,2025-02-13,0000004904-25-000027,https://www.sec.gov/Archives/edgar/data/92487/0000004904-25-000027.txt
10-K,STATE STREET CORP,STT-PG,93751,2025-02-13,0000093751-25-000111,https://www.sec.gov/Archives/edgar/data/93751/0000093751-25-000111.txt
10-K,"Sixth Street Specialty Lending, Inc.",TSLX,1508655,2025-02-13,0000950170-25-019845,https://www.sec.gov/Archives/edgar/data/1508655/0000950170-25-019845.txt
10-K,Snap-on Inc,SNA,91440,2025-02-13,0000091440-25-000010,https://www.sec.gov/Archives/edgar/data/91440/0000091440-25-000010.txt
10-K,"TRAVELERS COMPANIES, INC.",TRV,86312,2025-02-13,0000086312-25-000012,https://www.sec.gov/Archives/edgar/data/86312/0000086312-25-000012.txt
10-K,"TRINET GROUP, INC.",TNET,937098,2025-02-13,0000937098-25-000016,https://www.sec.gov/Archives/edgar/data/937098/0000937098-25-000016.txt
10-K,TransUnion,TRU,1552033,2025-02-13,0001552033-25-000015,https://www.sec.gov/Archives/edgar/data/1552033/0001552033-25-000015.txt
10-K,"UPWORK, INC",UPWK,1627475,2025-02-13,0001627475-25-000011,https://www.sec.gov/Archives/edgar/data/1627475/0001627475-25-000011.txt
10-K,US Foods Holding Corp.,USFD,1665918,2025-02-13,0001665918-25-000017,https://www.sec.gov/Archives/edgar/data/1665918/0001665918-25-000017.txt
10-K,VERISIGN INC/CA,VRSN,1014473,2025-02-13,0001014473-25-000006,https://www.sec.gov/Archives/edgar/data/1014473/0001014473-25-000006.txt
10-K,VERTEX PHARMACEUTICALS INC / MA,VRTX,875320,2025-02-13,0000875320-25-000053,https://www.sec.gov/Archives/edgar/data/875320/0000875320-25-000053.txt
10-K,"Ventas, Inc.",VTR,740260,2025-02-13,0000740260-25-000052,https://www.sec.gov/Archives/edgar/data/740260/0000740260-25-000052.txt
10-K,Vontier Corp,VNT,1786842,2025-02-13,0001786842-25-000008,https://www.sec.gov/Archives/edgar/data/1786842/0001786842-25-000008.txt
10-K,"WARRIOR MET COAL, INC.",HCC,1691303,2025-02-13,0001691303-25-000010,https://www.sec.gov/Archives/edgar/data/1691303/0001691303-25-000010.txt
10-K,WHIRLPOOL CORP /DE/,WHR,106640,2025-02-13,0000106640-25-000011,https://www.sec.gov/Archives/edgar/data/106640/0000106640-25-000011.txt
10-K,"WYNDHAM HOTELS & RESORTS, INC.",WH,1722684,2025-02-13,0001722684-25-000005,https://www.sec.gov/Archives/edgar/data/1722684/0001722684-25-000005.txt
10-K,WYNN RESORTS LTD,WYNN,1174922,2025-02-13,0001174922-25-000039,https://www.sec.gov/Archives/edgar/data/1174922/0001174922-25-000039.txt
10-K,"Waste Connections, Inc.",WCN,1318220,2025-02-13,0001558370-25-000893,https://www.sec.gov/Archives/edgar/data/1318220/0001558370-25-000893.txt
10-K,ZEBRA TECHNOLOGIES CORP,ZBRA,877212,2025-02-13,0000877212-25-000027,https://www.sec.gov/Archives/edgar/data/877212/0000877212-25-000027.txt
10-K,Zoetis Inc.,ZTS,1555280,2025-02-13,0001555280-25-000102,https://www.sec.gov/Archives/edgar/data/1555280/0001555280-25-000102.txt
10-K/A,INTELLIGENT BIO SOLUTIONS INC.,INBS,1725430,2025-02-13,0001493152-25-006477,https://www.sec.gov/Archives/edgar/data/1725430/0001493152-25-006477.txt
10-K,ALBEMARLE CORP,ALB-PA,915913,2025-02-12,0000915913-25-000026,https://www.sec.gov/Archives/edgar/data/915913/0000915913-25-000026.txt
10-K,ANTERO RESOURCES Corp,AR,1433270,2025-02-12,0001558370-25-000864,https://www.sec.gov/Archives/edgar/data/1433270/0001558370-25-000864.txt
10-K,ASSOCIATED BANC-CORP,ASBA,7789,2025-02-12,0000007789-25-000013,https://www.sec.gov/Archives/edgar/data/7789/0000007789-25-000013.txt
10-K,AT&T INC.,T-PC,732717,2025-02-12,0000732717-25-000013,https://www.sec.gov/Archives/edgar/data/732717/0000732717-25-000013.txt
10-K,ATLANTIC CITY ELECTRIC CO,,8192,2025-02-12,0001109357-25-000043,https://www.sec.gov/Archives/edgar/data/8192/0001109357-25-000043.txt
10-K,Alkermes plc.,ALKS,1520262,2025-02-12,0000950170-25-019011,https://www.sec.gov/Archives/edgar/data/1520262/0000950170-25-019011.txt
10-K,"American Assets Trust, Inc.",AAT,1500217,2025-02-12,0001500217-25-000007,https://www.sec.gov/Archives/edgar/data/1500217/0001500217-25-000007.txt
10-K,"American Assets Trust, L.P.",,1509570,2025-02-12,0001500217-25-000007,https://www.sec.gov/Archives/edgar/data/1509570/0001500217-25-000007.txt
10-K,American Well Corp,AMWL,1393584,2025-02-12,0000950170-25-019024,https://www.sec.gov/Archives/edgar/data/1393584/0000950170-25-019024.txt
10-K,Antero Midstream Corp,AM,1623925,2025-02-12,0001558370-25-000862,https://www.sec.gov/Archives/edgar/data/1623925/0001558370-25-000862.txt
10-K,Ares Commercial Real Estate Corp,ACRE,1529377,2025-02-12,0001628280-25-005002,https://www.sec.gov/Archives/edgar/data/1529377/0001628280-25-005002.txt
10-K,"Armour Residential REIT, Inc.",ARR-PC,1428205,2025-02-12,0001428205-25-000027,https://www.sec.gov/Archives/edgar/data/1428205/0001428205-25-000027.txt
10-K,BALTIMORE GAS & ELECTRIC CO,,9466,2025-02-12,0001109357-25-000043,https://www.sec.gov/Archives/edgar/data/9466/0001109357-25-000043.txt
10-K,BIOGEN INC.,BIIB,875045,2025-02-12,0000875045-25-000009,https://www.sec.gov/Archives/edgar/data/875045/0000875045-25-000009.txt
10-K,BLACK HILLS CORP /SD/,BKH,1130464,2025-02-12,0000950170-25-018647,https://www.sec.gov/Archives/edgar/data/1130464/0000950170-25-018647.txt
10-K,"BLACKSTONE MORTGAGE TRUST, INC.",BXMT,1061630,2025-02-12,0001061630-25-000024,https://www.sec.gov/Archives/edgar/data/1061630/0001061630-25-000024.txt
10-K,BRISTOL MYERS SQUIBB CO,CELG-RI,14272,2025-02-12,0000014272-25-000039,https://www.sec.gov/Archives/edgar/data/14272/0000014272-25-000039.txt
10-K,COGNIZANT TECHNOLOGY SOLUTIONS CORP,CTSH,1058290,2025-02-12,0001058290-25-000017,https://www.sec.gov/Archives/edgar/data/1058290/0001058290-25-000017.txt
10-K,COMMONWEALTH EDISON Co,,22606,2025-02-12,0001109357-25-000043,https://www.sec.gov/Archives/edgar/data/22606/0001109357-25-000043.txt
10-K,CREDIT ACCEPTANCE CORP,CACC,885550,2025-02-12,0000885550-25-000012,https://www.sec.gov/Archives/edgar/data/885550/0000885550-25-000012.txt
10-K,CVS HEALTH Corp,CVS,64803,2025-02-12,0000064803-25-000007,https://www.sec.gov/Archives/edgar/data/64803/0000064803-25-000007.txt
10-K,"CareTrust REIT, Inc.",CTRE,1590717,2025-02-12,0001628280-25-005118,https://www.sec.gov/Archives/edgar/data/1590717/0001628280-25-005118.txt
10-K,DELMARVA POWER & LIGHT CO /DE/,,27879,2025-02-12,0001109357-25-000043,https://www.sec.gov/Archives/edgar/data/27879/0001109357-25-000043.txt
10-K,"DHI GROUP, INC.",DHX,1393883,2025-02-12,0001393883-25-000041,https://www.sec.gov/Archives/edgar/data/1393883/0001393883-25-000041.txt
10-K,EASTGROUP PROPERTIES INC,EGP,49600,2025-02-12,0000049600-25-000019,https://www.sec.gov/Archives/edgar/data/49600/0000049600-25-000019.txt
10-K,ENTEGRIS INC,ENTG,1101302,2025-02-12,0001101302-25-000015,https://www.sec.gov/Archives/edgar/data/1101302/0001101302-25-000015.txt
10-K,EQUINIX INC,EQIX,1101239,2025-02-12,0001628280-25-005126,https://www.sec.gov/Archives/edgar/data/1101239/0001628280-25-005126.txt
10-K,"ESSENTIAL PROPERTIES REALTY TRUST, INC.",EPRT,1728951,2025-02-12,0001728951-25-000031,https://www.sec.gov/Archives/edgar/data/1728951/0001728951-25-000031.txt
10-K,EXELON CORP,EXC,1109357,2025-02-12,0001109357-25-000043,https://www.sec.gov/Archives/edgar/data/1109357/0001109357-25-000043.txt
10-K,GRAPHIC PACKAGING HOLDING CO,GPK,1408075,2025-02-12,0001408075-25-000007,https://www.sec.gov/Archives/edgar/data/1408075/0001408075-25-000007.txt
10-K,HALLIBURTON CO,HAL,45012,2025-02-12,0000045012-25-000010,https://www.sec.gov/Archives/edgar/data/45012/0000045012-25-000010.txt
10-K,HUBSPOT INC,HUBS,1404655,2025-02-12,0000950170-25-018873,https://www.sec.gov/Archives/edgar/data/1404655/0000950170-25-018873.txt
10-K,"ILLUMINA, INC.",ILMN,1110803,2025-02-12,0001110803-25-000019,https://www.sec.gov/Archives/edgar/data/1110803/0001110803-25-000019.txt
10-K,KITE REALTY GROUP TRUST,KRG,1286043,2025-02-12,0001286043-25-000014,https://www.sec.gov/Archives/edgar/data/1286043/0001286043-25-000014.txt
10-K,"Kite Realty Group, L.P.",,1636315,2025-02-12,0001286043-25-000014,https://www.sec.gov/Archives/edgar/data/1636315/0001286043-25-000014.txt
10-K,Mastercard Inc,MA,1141391,2025-02-12,0001141391-25-000011,https://www.sec.gov/Archives/edgar/data/1141391/0001141391-25-000011.txt
10-K,"Mineralys Therapeutics, Inc.",MLYS,1933414,2025-02-12,0001933414-25-000009,https://www.sec.gov/Archives/edgar/data/1933414/0001933414-25-000009.txt
10-K,NISOURCE INC.,NI,1111711,2025-02-12,0001111711-25-000008,https://www.sec.gov/Archives/edgar/data/1111711/0001111711-25-000008.txt
10-K,NVR INC,NVR,906163,2025-02-12,0000906163-25-000011,https://www.sec.gov/Archives/edgar/data/906163/0000906163-25-000011.txt
10-K,"O-I Glass, Inc. /DE/",OI,812074,2025-02-12,0001558370-25-000868,https://www.sec.gov/Archives/edgar/data/812074/0001558370-25-000868.txt
10-K,PECO ENERGY CO,,78100,2025-02-12,0001109357-25-000043,https://www.sec.gov/Archives/edgar/data/78100/0001109357-25-000043.txt
10-K,PEGASYSTEMS INC,PEGA,1013857,2025-02-12,0001013857-25-000024,https://www.sec.gov/Archives/edgar/data/1013857/0001013857-25-000024.txt
10-K,PEPCO HOLDINGS LLC,,1135971,2025-02-12,0001109357-25-000043,https://www.sec.gov/Archives/edgar/data/1135971/0001109357-25-000043.txt
10-K,POTOMAC ELECTRIC POWER CO,,79732,2025-02-12,0001109357-25-000043,https://www.sec.gov/Archives/edgar/data/79732/0001109357-25-000043.txt
10-K,"PROS Holdings, Inc.",PRO,1392972,2025-02-12,0001392972-25-000019,https://www.sec.gov/Archives/edgar/data/1392972/0001392972-25-000019.txt
10-K,"Q2 Holdings, Inc.",QTWO,1410384,2025-02-12,0001410384-25-000010,https://www.sec.gov/Archives/edgar/data/1410384/0001410384-25-000010.txt
10-K,RENAISSANCERE HOLDINGS LTD,RNR-PG,913144,2025-02-12,0000913144-25-000009,https://www.sec.gov/Archives/edgar/data/913144/0000913144-25-000009.txt
10-K,RYDER SYSTEM INC,R,85961,2025-02-12,0000085961-25-000032,https://www.sec.gov/Archives/edgar/data/85961/0000085961-25-000032.txt
10-K,Royalty Pharma plc,RPRX,1802768,2025-02-12,0001802768-25-000010,https://www.sec.gov/Archives/edgar/data/1802768/0001802768-25-000010.txt
10-K,"STAG Industrial, Inc.",STAG,1479094,2025-02-12,0001479094-25-000006,https://www.sec.gov/Archives/edgar/data/1479094/0001479094-25-000006.txt
10-K,STRYKER CORP,SYK,310764,2025-02-12,0000310764-25-000023,https://www.sec.gov/Archives/edgar/data/310764/0000310764-25-000023.txt
10-K,"Sun Country Airlines Holdings, Inc.",SNCY,1743907,2025-02-12,0001743907-25-000005,https://www.sec.gov/Archives/edgar/data/1743907/0001743907-25-000005.txt
10-K,Urban Edge Properties,UE,1611547,2025-02-12,0001611547-25-000018,https://www.sec.gov/Archives/edgar/data/1611547/0001611547-25-000018.txt
10-K,Urban Edge Properties LP,,1681169,2025-02-12,0001611547-25-000018,https://www.sec.gov/Archives/edgar/data/1681169/0001611547-25-000018.txt
10-K,VERIZON COMMUNICATIONS INC,VZ,732712,2025-02-12,0000732712-25-000006,https://www.sec.gov/Archives/edgar/data/732712/0000732712-25-000006.txt
10-K,W. P. Carey Inc.,WPC,1025378,2025-02-12,0001025378-25-000031,https://www.sec.gov/Archives/edgar/data/1025378/0001025378-25-000031.txt
10-K,WELLTOWER INC.,WELL,766704,2025-02-12,0000766704-25-000009,https://www.sec.gov/Archives/edgar/data/766704/0000766704-25-000009.txt
10-K,WESTINGHOUSE AIR BRAKE TECHNOLOGIES CORP,WAB,943452,2025-02-12,0001628280-25-005100,https://www.sec.gov/Archives/edgar/data/943452/0001628280-25-005100.txt
10-K,AGREE REALTY CORP,ADC-PA,917251,2025-02-11,0001558370-25-000803,https://www.sec.gov/Archives/edgar/data/917251/0001558370-25-000803.txt
10-K,"ARROW ELECTRONICS, INC.",ARW,7536,2025-02-11,0001558370-25-000781,https://www.sec.gov/Archives/edgar/data/7536/0001558370-25-000781.txt
10-K,"ARVINAS, INC.",ARVN,1655759,2025-02-11,0001655759-25-000016,https://www.sec.gov/Archives/edgar/data/1655759/0001655759-25-000016.txt
10-K,Aldel Financial II Inc.,ALDFW,2031561,2025-02-11,0001410578-25-000114,https://www.sec.gov/Archives/edgar/data/2031561/0001410578-25-000114.txt
10-K,"Boardwalk Pipeline Partners, LP",,1336047,2025-02-11,0001336047-25-000006,https://www.sec.gov/Archives/edgar/data/1336047/0001336047-25-000006.txt
10-K,CARRIER GLOBAL Corp,CARR,1783180,2025-02-11,0001783180-25-000008,https://www.sec.gov/Archives/edgar/data/1783180/0001783180-25-000008.txt
10-K,CMS ENERGY CORP,CMS-PC,811156,2025-02-11,0000811156-25-000036,https://www.sec.gov/Archives/edgar/data/811156/0000811156-25-000036.txt
10-K,CNA FINANCIAL CORP,CNA,21175,2025-02-11,0000021175-25-000008,https://www.sec.gov/Archives/edgar/data/21175/0000021175-25-000008.txt
10-K,CNX Resources Corp,CNX,1070412,2025-02-11,0001070412-25-000049,https://www.sec.gov/Archives/edgar/data/1070412/0001070412-25-000049.txt
10-K,CONSUMERS ENERGY CO,CMS-PB,201533,2025-02-11,0000811156-25-000036,https://www.sec.gov/Archives/edgar/data/201533/0000811156-25-000036.txt
10-K,CRISPR Therapeutics AG,CRSP,1674416,2025-02-11,0000950170-25-017899,https://www.sec.gov/Archives/edgar/data/1674416/0000950170-25-017899.txt
10-K,CUMMINS INC,CMI,26172,2025-02-11,0000026172-25-000007,https://www.sec.gov/Archives/edgar/data/26172/0000026172-25-000007.txt
10-K,"DELTA AIR LINES, INC.",DAL,27904,2025-02-11,0000027904-25-000004,https://www.sec.gov/Archives/edgar/data/27904/0000027904-25-000004.txt
10-K,"EXELIXIS, INC.",EXEL,939767,2025-02-11,0000939767-25-000019,https://www.sec.gov/Archives/edgar/data/939767/0000939767-25-000019.txt
10-K,FRANKLIN STREET PROPERTIES CORP /MA/,FSP,1031316,2025-02-11,0001558370-25-000806,https://www.sec.gov/Archives/edgar/data/1031316/0001558370-25-000806.txt
10-K,Fuss Brands Corp.,FBDS,926844,2025-02-11,0001829126-25-000871,https://www.sec.gov/Archives/edgar/data/926844/0001829126-25-000871.txt
10-K,"HIGHWOODS PROPERTIES, INC.",HIW,921082,2025-02-11,0000921082-25-000004,https://www.sec.gov/Archives/edgar/data/921082/0000921082-25-000004.txt
10-K,HIGHWOODS REALTY LTD PARTNERSHIP,,941713,2025-02-11,0000921082-25-000004,https://www.sec.gov/Archives/edgar/data/941713/0000921082-25-000004.txt
10-K,"INSPERITY, INC.",NSP,1000753,2025-02-11,0001000753-25-000008,https://www.sec.gov/Archives/edgar/data/1000753/0001000753-25-000008.txt
10-K,LENNOX INTERNATIONAL INC,LII,1069202,2025-02-11,0001628280-25-004859,https://www.sec.gov/Archives/edgar/data/1069202/0001628280-25-004859.txt
10-K,LOEWS CORP,L,60086,2025-02-11,0000060086-25-000036,https://www.sec.gov/Archives/edgar/data/60086/0000060086-25-000036.txt
10-K,"Leidos Holdings, Inc.",LDOS,1336920,2025-02-11,0001336920-25-000006,https://www.sec.gov/Archives/edgar/data/1336920/0001336920-25-000006.txt
10-K,"M.D.C. HOLDINGS, INC.",,773141,2025-02-11,0000773141-25-000004,https://www.sec.gov/Archives/edgar/data/773141/0000773141-25-000004.txt
10-K,MARRIOTT INTERNATIONAL INC /MD/,MAR,1048286,2025-02-11,0001628280-25-004818,https://www.sec.gov/Archives/edgar/data/1048286/0001628280-25-004818.txt
10-K,MASCO CORP /DE/,MAS,62996,2025-02-11,0000062996-25-000004,https://www.sec.gov/Archives/edgar/data/62996/0000062996-25-000004.txt
10-K,MERCURY GENERAL CORP,MCY,64996,2025-02-11,0000064996-25-000013,https://www.sec.gov/Archives/edgar/data/64996/0000064996-25-000013.txt
10-K,"MOLINA HEALTHCARE, INC.",MOH,1179929,2025-02-11,0001179929-25-000023,https://www.sec.gov/Archives/edgar/data/1179929/0001179929-25-000023.txt
10-K,"Medpace Holdings, Inc.",MEDP,1668397,2025-02-11,0001668397-25-000017,https://www.sec.gov/Archives/edgar/data/1668397/0001668397-25-000017.txt
10-K,"NNN REIT, INC.",NNN,751364,2025-02-11,0000950170-25-017472,https://www.sec.gov/Archives/edgar/data/751364/0000950170-25-017472.txt
10-K,PATTERSON UTI ENERGY INC,PTEN,889900,2025-02-11,0000889900-25-000034,https://www.sec.gov/Archives/edgar/data/889900/0000889900-25-000034.txt
10-K,"Phillips Edison & Company, Inc.",PECO,1476204,2025-02-11,0001476204-25-000030,https://www.sec.gov/Archives/edgar/data/1476204/0001476204-25-000030.txt
10-K,S&P Global Inc.,SPGI,64040,2025-02-11,0000064040-25-000052,https://www.sec.gov/Archives/edgar/data/64040/0000064040-25-000052.txt
10-K,SHOPIFY INC.,SHOP,1594805,2025-02-11,0001594805-25-000012,https://www.sec.gov/Archives/edgar/data/1594805/0001594805-25-000012.txt
10-K,SMITH A O CORP,AOS,91142,2025-02-11,0000091142-25-000036,https://www.sec.gov/Archives/edgar/data/91142/0000091142-25-000036.txt
10-K,"Sage Therapeutics, Inc.",SAGE,1597553,2025-02-11,0000950170-25-017909,https://www.sec.gov/Archives/edgar/data/1597553/0000950170-25-017909.txt
10-K,TEXAS CAPITAL BANCSHARES INC/TX,TCBIO,1077428,2025-02-11,0001077428-25-000036,https://www.sec.gov/Archives/edgar/data/1077428/0001077428-25-000036.txt
10-K,"Triumph Financial, Inc.",TFINP,1539638,2025-02-11,0001628280-25-004879,https://www.sec.gov/Archives/edgar/data/1539638/0001628280-25-004879.txt
10-K,"USA Compression Partners, LP",USAC,1522727,2025-02-11,0001522727-25-000010,https://www.sec.gov/Archives/edgar/data/1522727/0001522727-25-000010.txt
10-K,"ZILLOW GROUP, INC.",Z,1617640,2025-02-11,0001617640-25-000016,https://www.sec.gov/Archives/edgar/data/1617640/0001617640-25-000016.txt
10-K,ALEXANDERS INC,ALX,3499,2025-02-10,0000003499-25-000004,https://www.sec.gov/Archives/edgar/data/3499/0000003499-25-000004.txt
10-K,"Apollo Commercial Real Estate Finance, Inc.",ARI,1467760,2025-02-10,0000950170-25-017122,https://www.sec.gov/Archives/edgar/data/1467760/0000950170-25-017122.txt
10-K,BASSETT FURNITURE INDUSTRIES INC,BSET,10329,2025-02-10,0001437749-25-003216,https://www.sec.gov/Archives/edgar/data/10329/0001437749-25-003216.txt
10-K,Brixmor Operating Partnership LP,,1630031,2025-02-10,0001581068-25-000009,https://www.sec.gov/Archives/edgar/data/1630031/0001581068-25-000009.txt
10-K,Brixmor Property Group Inc.,BRX,1581068,2025-02-10,0001581068-25-000009,https://www.sec.gov/Archives/edgar/data/1581068/0001581068-25-000009.txt
10-K,"Enphase Energy, Inc.",ENPH,1463101,2025-02-10,0001463101-25-000024,https://www.sec.gov/Archives/edgar/data/1463101/0001463101-25-000024.txt
10-K,IMPINJ INC,PI,1114995,2025-02-10,0000950170-25-017077,https://www.sec.gov/Archives/edgar/data/1114995/0000950170-25-017077.txt
10-K,INCYTE CORP,INCY,879169,2025-02-10,0001628280-25-004633,https://www.sec.gov/Archives/edgar/data/879169/0001628280-25-004633.txt
10-K,ITT INC.,ITT,216228,2025-02-10,0000216228-25-000014,https://www.sec.gov/Archives/edgar/data/216228/0000216228-25-000014.txt
10-K,"Inspire Medical Systems, Inc.",INSP,1609550,2025-02-10,0001609550-25-000011,https://www.sec.gov/Archives/edgar/data/1609550/0001609550-25-000011.txt
10-K,"Kaival Brands Innovations Group, Inc.",KAVL,1762239,2025-02-10,0001731122-25-000185,https://www.sec.gov/Archives/edgar/data/1762239/0001731122-25-000185.txt
10-K,Ladder Capital Corp,LADR,1577670,2025-02-10,0001577670-25-000010,https://www.sec.gov/Archives/edgar/data/1577670/0001577670-25-000010.txt
10-K,"MARSH & MCLENNAN COMPANIES, INC.",MMC,62709,2025-02-10,0000062709-25-000015,https://www.sec.gov/Archives/edgar/data/62709/0000062709-25-000015.txt
10-K,NEUROCRINE BIOSCIENCES INC,NBIX,914475,2025-02-10,0000914475-25-000037,https://www.sec.gov/Archives/edgar/data/914475/0000914475-25-000037.txt
10-K,NORFOLK SOUTHERN CORP,NSC,702165,2025-02-10,0000702165-25-000008,https://www.sec.gov/Archives/edgar/data/702165/0000702165-25-000008.txt
10-K,Nukkleus Inc.,NUKKW,1787518,2025-02-10,0001213900-25-011694,https://www.sec.gov/Archives/edgar/data/1787518/0001213900-25-011694.txt
10-K,ON SEMICONDUCTOR CORP,ON,1097864,2025-02-10,0001628280-25-004557,https://www.sec.gov/Archives/edgar/data/1097864/0001628280-25-004557.txt
10-K,"Rexford Industrial Realty, Inc.",REXR-PC,1571283,2025-02-10,0001571283-25-000006,https://www.sec.gov/Archives/edgar/data/1571283/0001571283-25-000006.txt
10-K,SELECTIVE INSURANCE GROUP INC,SIGIP,230557,2025-02-10,0000230557-25-000006,https://www.sec.gov/Archives/edgar/data/230557/0000230557-25-000006.txt
10-K,UNITIL CORP,UTL,755001,2025-02-10,0000950170-25-017154,https://www.sec.gov/Archives/edgar/data/755001/0000950170-25-017154.txt
10-K,VORNADO REALTY LP,,1040765,2025-02-10,0000899689-25-000004,https://www.sec.gov/Archives/edgar/data/1040765/0000899689-25-000004.txt
10-K,VORNADO REALTY TRUST,VNO-PO,899689,2025-02-10,0000899689-25-000004,https://www.sec.gov/Archives/edgar/data/899689/0000899689-25-000004.txt
10-K,Zurn Elkay Water Solutions Corp,ZWS,1439288,2025-02-10,0001439288-25-000019,https://www.sec.gov/Archives/edgar/data/1439288/0001439288-25-000019.txt
10-K,AMAZON COM INC,AMZN,1018724,2025-02-07,0001018724-25-000004,https://www.sec.gov/Archives/edgar/data/1018724/0001018724-25-000004.txt
10-K,AMERICAN EXPRESS CO,AXP,4962,2025-02-07,0000004962-25-000016,https://www.sec.gov/Archives/edgar/data/4962/0000004962-25-000016.txt
10-K,AMPHENOL CORP /DE/,APH,820313,2025-02-07,0001558370-25-000714,https://www.sec.gov/Archives/edgar/data/820313/0001558370-25-000714.txt
10-K,"APTARGROUP, INC.",ATR,896622,2025-02-07,0000896622-25-000007,https://www.sec.gov/Archives/edgar/data/896622/0000896622-25-000007.txt
10-K,Aptiv PLC,APTV,1521332,2025-02-07,0001521332-25-000010,https://www.sec.gov/Archives/edgar/data/1521332/0001521332-25-000010.txt
10-K,"Avantor, Inc.",AVTR,1722482,2025-02-07,0001722482-25-000015,https://www.sec.gov/Archives/edgar/data/1722482/0001722482-25-000015.txt
10-K,Black Hawk Acquisition Corp,BKHAR,2000775,2025-02-07,0001829126-25-000801,https://www.sec.gov/Archives/edgar/data/2000775/0001829126-25-000801.txt
10-K,Byrna Technologies Inc.,BYRN,1354866,2025-02-07,0001437749-25-003081,https://www.sec.gov/Archives/edgar/data/1354866/0001437749-25-003081.txt
10-K,CAPITAL PROPERTIES INC /RI/,CPTP,202947,2025-02-07,0000950170-25-016420,https://www.sec.gov/Archives/edgar/data/202947/0000950170-25-016420.txt
10-K,CENTRUS ENERGY CORP,LEU,1065059,2025-02-07,0001065059-25-000006,https://www.sec.gov/Archives/edgar/data/1065059/0001065059-25-000006.txt
10-K,"Expedia Group, Inc.",EXPE,1324424,2025-02-07,0001324424-25-000008,https://www.sec.gov/Archives/edgar/data/1324424/0001324424-25-000008.txt
10-K,GENERAL DYNAMICS CORP,GD,40533,2025-02-07,0000040533-25-000008,https://www.sec.gov/Archives/edgar/data/40533/0000040533-25-000008.txt
10-K,Green Plains Inc.,GPRE,1309402,2025-02-07,0001309402-25-000008,https://www.sec.gov/Archives/edgar/data/1309402/0001309402-25-000008.txt
10-K,Iterum Therapeutics plc,ITRM,1659323,2025-02-07,0000950170-25-015857,https://www.sec.gov/Archives/edgar/data/1659323/0000950170-25-015857.txt
10-K,KEMPER Corp,KMPB,860748,2025-02-07,0000860748-25-000053,https://www.sec.gov/Archives/edgar/data/860748/0000860748-25-000053.txt
10-K,LAS VEGAS SANDS CORP,LVS,1300514,2025-02-07,0001300514-25-000040,https://www.sec.gov/Archives/edgar/data/1300514/0001300514-25-000040.txt
10-K,MANHATTAN ASSOCIATES INC,MANH,1056696,2025-02-07,0000950170-25-016295,https://www.sec.gov/Archives/edgar/data/1056696/0000950170-25-016295.txt
10-K,METTLER TOLEDO INTERNATIONAL INC/,MTD,1037646,2025-02-07,0001037646-25-000012,https://www.sec.gov/Archives/edgar/data/1037646/0001037646-25-000012.txt
10-K,MID AMERICA APARTMENT COMMUNITIES INC.,MAA-PI,912595,2025-02-07,0000950170-25-016287,https://www.sec.gov/Archives/edgar/data/912595/0000950170-25-016287.txt
10-K,MSCI Inc.,MSCI,1408198,2025-02-07,0001408198-25-000053,https://www.sec.gov/Archives/edgar/data/1408198/0001408198-25-000053.txt
10-K,"Mid-America Apartments, L.P.",,1581776,2025-02-07,0000950170-25-016287,https://www.sec.gov/Archives/edgar/data/1581776/0000950170-25-016287.txt
10-K,ONEMAIN FINANCE CORP,,25598,2025-02-07,0001584207-25-000006,https://www.sec.gov/Archives/edgar/data/25598/0001584207-25-000006.txt
10-K,"OneMain Holdings, Inc.",OMF,1584207,2025-02-07,0001584207-25-000006,https://www.sec.gov/Archives/edgar/data/1584207/0001584207-25-000006.txt
10-K,POWER INTEGRATIONS INC,POWI,833640,2025-02-07,0000833640-25-000043,https://www.sec.gov/Archives/edgar/data/833640/0000833640-25-000043.txt
10-K,SOUTHWEST AIRLINES CO,LUV,92380,2025-02-07,0000092380-25-000024,https://www.sec.gov/Archives/edgar/data/92380/0000092380-25-000024.txt
10-K,Synchrony Financial,SYF-PB,1601712,2025-02-07,0001601712-25-000044,https://www.sec.gov/Archives/edgar/data/1601712/0001601712-25-000044.txt
10-K,TEREX CORP,TEX,97216,2025-02-07,0000097216-25-000011,https://www.sec.gov/Archives/edgar/data/97216/0000097216-25-000011.txt
10-K,Tradeweb Markets Inc.,TW,1758730,2025-02-07,0001758730-25-000038,https://www.sec.gov/Archives/edgar/data/1758730/0001758730-25-000038.txt
10-K,UNION PACIFIC CORP,UNP,100885,2025-02-07,0000100885-25-000042,https://www.sec.gov/Archives/edgar/data/100885/0000100885-25-000042.txt
10-K,"XPO, Inc.",XPO,1166003,2025-02-07,0001166003-25-000017,https://www.sec.gov/Archives/edgar/data/1166003/0001166003-25-000017.txt
10-K/A,NITCHES INC,NICH,772263,2025-02-07,0001393905-25-000050,https://www.sec.gov/Archives/edgar/data/772263/0001393905-25-000050.txt
10-K/A,RICHTECH ROBOTICS INC.,RR,1963685,2025-02-07,0001213900-25-011327,https://www.sec.gov/Archives/edgar/data/1963685/0001213900-25-011327.txt
10-K/A,"TPT GLOBAL TECH, INC.",,1661039,2025-02-07,0001654954-25-001239,https://www.sec.gov/Archives/edgar/data/1661039/0001654954-25-001239.txt
10-K,APPFOLIO INC,APPF,1433195,2025-02-06,0001433195-25-000013,https://www.sec.gov/Archives/edgar/data/1433195/0001433195-25-000013.txt
10-K,"Alpine Income Property Trust, Inc.",PINE,1786117,2025-02-06,0001558370-25-000687,https://www.sec.gov/Archives/edgar/data/1786117/0001558370-25-000687.txt
10-K,BORGWARNER INC,BWA,908255,2025-02-06,0000908255-25-000007,https://www.sec.gov/Archives/edgar/data/908255/0000908255-25-000007.txt
10-K,COUSINS PROPERTIES INC,CUZ,25232,2025-02-06,0000025232-25-000012,https://www.sec.gov/Archives/edgar/data/25232/0000025232-25-000012.txt
10-K,"CULLEN/FROST BANKERS, INC.",CFR-PB,39263,2025-02-06,0000039263-25-000017,https://www.sec.gov/Archives/edgar/data/39263/0000039263-25-000017.txt
10-K,FASTENAL CO,FAST,815556,2025-02-06,0000815556-25-000065,https://www.sec.gov/Archives/edgar/data/815556/0000815556-25-000065.txt
10-K,FORD MOTOR CO,F-PD,37996,2025-02-06,0000037996-25-000013,https://www.sec.gov/Archives/edgar/data/37996/0000037996-25-000013.txt
10-K,FORD MOTOR CREDIT CO LLC,,38009,2025-02-06,0000038009-25-000007,https://www.sec.gov/Archives/edgar/data/38009/0000038009-25-000007.txt
10-K,GE Vernova Inc.,GEV,1996810,2025-02-06,0001996810-25-000011,https://www.sec.gov/Archives/edgar/data/1996810/0001996810-25-000011.txt
10-K,Gates Industrial Corp plc,GTES,1718512,2025-02-06,0001718512-25-000013,https://www.sec.gov/Archives/edgar/data/1718512/0001718512-25-000013.txt
10-K,"HUNTINGTON INGALLS INDUSTRIES, INC.",HII,1501585,2025-02-06,0001501585-25-000006,https://www.sec.gov/Archives/edgar/data/1501585/0001501585-25-000006.txt
10-K,Hilton Worldwide Holdings Inc.,HLT,1585689,2025-02-06,0001585689-25-000008,https://www.sec.gov/Archives/edgar/data/1585689/0001585689-25-000008.txt
10-K,"InterDigital, Inc.",IDCC,1405495,2025-02-06,0001405495-25-000011,https://www.sec.gov/Archives/edgar/data/1405495/0001405495-25-000011.txt
10-K,"Intercontinental Exchange, Inc.",ICE,1571949,2025-02-06,0001571949-25-000003,https://www.sec.gov/Archives/edgar/data/1571949/0001571949-25-000003.txt
10-K,Liberty Energy Inc.,LBRT,1694028,2025-02-06,0001694028-25-000056,https://www.sec.gov/Archives/edgar/data/1694028/0001694028-25-000056.txt
10-K,"PINTEREST, INC.",PINS,1506293,2025-02-06,0001506293-25-000022,https://www.sec.gov/Archives/edgar/data/1506293/0001506293-25-000022.txt
10-K,PULTEGROUP INC/MI/,PHM,822416,2025-02-06,0000822416-25-000007,https://www.sec.gov/Archives/edgar/data/822416/0000822416-25-000007.txt
10-K,Philip Morris International Inc.,PM,1413329,2025-02-06,0001413329-25-000013,https://www.sec.gov/Archives/edgar/data/1413329/0001413329-25-000013.txt
10-K,Safehold Inc.,SAFE,1095651,2025-02-06,0001095651-25-000006,https://www.sec.gov/Archives/edgar/data/1095651/0001095651-25-000006.txt
10-K,TEXTRON INC,TXT,217346,2025-02-06,0000217346-25-000017,https://www.sec.gov/Archives/edgar/data/217346/0000217346-25-000017.txt
10-K,Trane Technologies plc,TT,1466258,2025-02-06,0001466258-25-000039,https://www.sec.gov/Archives/edgar/data/1466258/0001466258-25-000039.txt
10-K,VARONIS SYSTEMS INC,VRNS,1361113,2025-02-06,0001628280-25-004187,https://www.sec.gov/Archives/edgar/data/1361113/0001628280-25-004187.txt
10-K,Weatherford International plc,WFRD,1603923,2025-02-06,0001603923-25-000050,https://www.sec.gov/Archives/edgar/data/1603923/0001603923-25-000050.txt
10-K/A,"MARIZYME, INC.",,1413754,2025-02-06,0001493152-25-005186,https://www.sec.gov/Archives/edgar/data/1413754/0001493152-25-005186.txt
10-K,3M CO,MMM,66740,2025-02-05,0000066740-25-000006,https://www.sec.gov/Archives/edgar/data/66740/0000066740-25-000006.txt
10-K,ADVANCED MICRO DEVICES INC,AMD,2488,2025-02-05,0000002488-25-000012,https://www.sec.gov/Archives/edgar/data/2488/0000002488-25-000012.txt
10-K,ARES CAPITAL CORP,ARCC,1287750,2025-02-05,0001287750-25-000007,https://www.sec.gov/Archives/edgar/data/1287750/0001287750-25-000007.txt
10-K,Alphabet Inc.,GOOG,1652044,2025-02-05,0001652044-25-000014,https://www.sec.gov/Archives/edgar/data/1652044/0001652044-25-000014.txt
10-K,CHIPOTLE MEXICAN GRILL INC,CMG,1058090,2025-02-05,0001058090-25-000014,https://www.sec.gov/Archives/edgar/data/1058090/0001058090-25-000014.txt
10-K,ChampionX Corp,CHX,1723089,2025-02-05,0001723089-25-000025,https://www.sec.gov/Archives/edgar/data/1723089/0001723089-25-000025.txt
10-K,"ENSIGN GROUP, INC",ENSG,1125376,2025-02-05,0001125376-25-000021,https://www.sec.gov/Archives/edgar/data/1125376/0001125376-25-000021.txt
10-K,HEXCEL CORP /DE/,HXL,717605,2025-02-05,0000950170-25-014412,https://www.sec.gov/Archives/edgar/data/717605/0000950170-25-014412.txt
10-K,"Mondelez International, Inc.",MDLZ,1103982,2025-02-05,0001103982-25-000030,https://www.sec.gov/Archives/edgar/data/1103982/0001103982-25-000030.txt
10-K,OMNICOM GROUP INC.,OMC,29989,2025-02-05,0000029989-25-000009,https://www.sec.gov/Archives/edgar/data/29989/0000029989-25-000009.txt
10-K,"REGENERON PHARMACEUTICALS, INC.",REGN,872589,2025-02-05,0001804220-25-000011,https://www.sec.gov/Archives/edgar/data/872589/0001804220-25-000011.txt
10-K,Reynolds Consumer Products Inc.,REYN,1786431,2025-02-05,0001628280-25-003936,https://www.sec.gov/Archives/edgar/data/1786431/0001628280-25-003936.txt
10-K,STRATEGIC ACQUISITIONS INC /NV/,STQN,847942,2025-02-05,0001493152-25-005023,https://www.sec.gov/Archives/edgar/data/847942/0001493152-25-005023.txt
10-K,Snap Inc,SNAP,1564408,2025-02-05,0001564408-25-000019,https://www.sec.gov/Archives/edgar/data/1564408/0001564408-25-000019.txt
10-K,TEVA PHARMACEUTICAL INDUSTRIES LTD,TEVJF,818686,2025-02-05,0001193125-25-020826,https://www.sec.gov/Archives/edgar/data/818686/0001193125-25-020826.txt
10-K,Terreno Realty Corp,TRNO,1476150,2025-02-05,0001476150-25-000004,https://www.sec.gov/Archives/edgar/data/1476150/0001476150-25-000004.txt
10-K,Baker Hughes Co,BKR,1701605,2025-02-04,0001701605-25-000035,https://www.sec.gov/Archives/edgar/data/1701605/0001701605-25-000035.txt
10-K,DOW CHEMICAL CO /DE/,,29915,2025-02-04,0001751788-25-000012,https://www.sec.gov/Archives/edgar/data/29915/0001751788-25-000012.txt
10-K,DOW INC.,DOW,1751788,2025-02-04,0001751788-25-000012,https://www.sec.gov/Archives/edgar/data/1751788/0001751788-25-000012.txt
10-K,HAMMER FIBER OPTICS HOLDINGS CORP,,1539680,2025-02-04,0001062993-25-001652,https://www.sec.gov/Archives/edgar/data/1539680/0001062993-25-001652.txt
10-K,"HEALTHPEAK PROPERTIES, INC.",DOC,765880,2025-02-04,0001628280-25-003748,https://www.sec.gov/Archives/edgar/data/765880/0001628280-25-003748.txt
10-K,Otis Worldwide Corp,OTIS,1781335,2025-02-04,0001781335-25-000010,https://www.sec.gov/Archives/edgar/data/1781335/0001781335-25-000010.txt
10-K,PEPSICO INC,PEP,77476,2025-02-04,0000077476-25-000007,https://www.sec.gov/Archives/edgar/data/77476/0000077476-25-000007.txt
10-K,"PayPal Holdings, Inc.",PYPL,1633917,2025-02-04,0001633917-25-000019,https://www.sec.gov/Archives/edgar/data/1633917/0001633917-25-000019.txt
10-K,SILICON LABORATORIES INC.,SLAB,1038074,2025-02-04,0001038074-25-000003,https://www.sec.gov/Archives/edgar/data/1038074/0001038074-25-000003.txt
10-K,"Telomir Pharmaceuticals, Inc.",TELO,1971532,2025-02-04,0001493152-25-004872,https://www.sec.gov/Archives/edgar/data/1971532/0001493152-25-004872.txt
10-K,UNION CARBIDE CORP /NEW/,,100790,2025-02-04,0000029915-25-000003,https://www.sec.gov/Archives/edgar/data/100790/0000029915-25-000003.txt
10-K,BOEING CO,BA-PA,12927,2025-02-03,0000012927-25-000015,https://www.sec.gov/Archives/edgar/data/12927/0000012927-25-000015.txt
10-K,"FirstCash Holdings, Inc.",FCFS,840489,2025-02-03,0000840489-25-000032,https://www.sec.gov/Archives/edgar/data/840489/0000840489-25-000032.txt
10-K,GENERAL ELECTRIC CO,GE,40545,2025-02-03,0000040545-25-000015,https://www.sec.gov/Archives/edgar/data/40545/0000040545-25-000015.txt
10-K,KKR Real Estate Finance Trust Inc.,KREF-PA,1631596,2025-02-03,0001631596-25-000012,https://www.sec.gov/Archives/edgar/data/1631596/0001631596-25-000012.txt
10-K,RTX Corp,RTX,101829,2025-02-03,0000101829-25-000005,https://www.sec.gov/Archives/edgar/data/101829/0000101829-25-000005.txt
10-K,CCO HOLDINGS CAPITAL CORP,,1271834,2025-01-31,0001271833-25-000005,https://www.sec.gov/Archives/edgar/data/1271834/0001271833-25-000005.txt
10-K,CCO HOLDINGS LLC,,1271833,2025-01-31,0001271833-25-000005,https://www.sec.gov/Archives/edgar/data/1271833/0001271833-25-000005.txt
10-K,"CHARTER COMMUNICATIONS, INC. /MO/",CHTR,1091667,2025-01-31,0001091667-25-000034,https://www.sec.gov/Archives/edgar/data/1091667/0001091667-25-000034.txt
10-K,COFFEE HOLDING CO INC,JVA,1007019,2025-01-31,0001493152-25-004500,https://www.sec.gov/Archives/edgar/data/1007019/0001493152-25-004500.txt
10-K,COMCAST CORP,CCZ,1166691,2025-01-31,0001166691-25-000011,https://www.sec.gov/Archives/edgar/data/1166691/0001166691-25-000011.txt
10-K,INTEL CORP,INTC,50863,2025-01-31,0000050863-25-000009,https://www.sec.gov/Archives/edgar/data/50863/0000050863-25-000009.txt
10-K,INTUITIVE SURGICAL INC,ISRG,1035267,2025-01-31,0001035267-25-000017,https://www.sec.gov/Archives/edgar/data/1035267/0001035267-25-000017.txt
10-K,"Skkynet Cloud Systems, Inc.",SKKY,1546853,2025-01-31,0001477932-25-000608,https://www.sec.gov/Archives/edgar/data/1546853/0001477932-25-000608.txt
10-K,"T-Mobile US, Inc.",TMUS,1283699,2025-01-31,0001283699-25-000012,https://www.sec.gov/Archives/edgar/data/1283699/0001283699-25-000012.txt
10-K,UNITED STATES STEEL CORP,X,1163302,2025-01-31,0001163302-25-000018,https://www.sec.gov/Archives/edgar/data/1163302/0001163302-25-000018.txt
10-K,"Century Communities, Inc.",CCS,1576940,2025-01-30,0001576940-25-000006,https://www.sec.gov/Archives/edgar/data/1576940/0001576940-25-000006.txt
10-K,"Meta Platforms, Inc.",META,1326801,2025-01-30,0001326801-25-000017,https://www.sec.gov/Archives/edgar/data/1326801/0001326801-25-000017.txt
10-K,NOBILITY HOMES INC,NOBH,72205,2025-01-30,0000950170-25-011000,https://www.sec.gov/Archives/edgar/data/72205/0000950170-25-011000.txt
10-K,NORTHROP GRUMMAN CORP /DE/,NOC,1133421,2025-01-30,0001133421-25-000006,https://www.sec.gov/Archives/edgar/data/1133421/0001133421-25-000006.txt
10-K,SIRIUS XM HOLDINGS INC.,SIRI,908937,2025-01-30,0000908937-25-000005,https://www.sec.gov/Archives/edgar/data/908937/0000908937-25-000005.txt
10-K,"ServiceNow, Inc.",NOW,1373715,2025-01-30,0001373715-25-000010,https://www.sec.gov/Archives/edgar/data/1373715/0001373715-25-000010.txt
10-K,"Tesla, Inc.",TSLA,1318605,2025-01-30,0001628280-25-003063,https://www.sec.gov/Archives/edgar/data/1318605/0001628280-25-003063.txt
10-K/A,NATURAL RESOURCE PARTNERS LP,NRP,1171486,2025-01-30,0001437749-25-002280,https://www.sec.gov/Archives/edgar/data/1171486/0001437749-25-002280.txt
10-K/A,Trio Petroleum Corp.,TPET,1898766,2025-01-30,0001493152-25-004268,https://www.sec.gov/Archives/edgar/data/1898766/0001493152-25-004268.txt
10-K,BRIDGFORD FOODS CORP,BRID,14177,2025-01-29,0001493152-25-004182,https://www.sec.gov/Archives/edgar/data/14177/0001493152-25-004182.txt
10-K,"Coda Octopus Group, Inc.",CODA,1334325,2025-01-29,0001493152-25-004075,https://www.sec.gov/Archives/edgar/data/1334325/0001493152-25-004075.txt
10-K,FIRST REAL ESTATE INVESTMENT TRUST OF NEW JERSEY,FREVS,36840,2025-01-29,0001174947-25-000074,https://www.sec.gov/Archives/edgar/data/36840/0001174947-25-000074.txt
10-K,"Flux Power Holdings, Inc.",FLUX,1083743,2025-01-29,0001493152-25-004175,https://www.sec.gov/Archives/edgar/data/1083743/0001493152-25-004175.txt
10-K,LEVI STRAUSS & CO,LEVI,94845,2025-01-29,0000094845-25-000005,https://www.sec.gov/Archives/edgar/data/94845/0000094845-25-000005.txt
10-K,"MAXLINEAR, INC",MXL,1288469,2025-01-29,0001288469-25-000008,https://www.sec.gov/Archives/edgar/data/1288469/0001288469-25-000008.txt
10-K,"Pharma-Bio Serv, Inc.",PBSV,1304161,2025-01-29,0001654954-25-000915,https://www.sec.gov/Archives/edgar/data/1304161/0001654954-25-000915.txt
10-K,"SILVER BULL RESOURCES, INC.",SVBL,1031093,2025-01-29,0001079973-25-000156,https://www.sec.gov/Archives/edgar/data/1031093/0001079973-25-000156.txt
10-K,UNITED RENTALS NORTH AMERICA INC,,1047166,2025-01-29,0001067701-25-000008,https://www.sec.gov/Archives/edgar/data/1047166/0001067701-25-000008.txt
10-K,"UNITED RENTALS, INC.",URI,1067701,2025-01-29,0001067701-25-000008,https://www.sec.gov/Archives/edgar/data/1067701/0001067701-25-000008.txt
10-K,"Zeo ScientifiX, Inc.",ZEOX,1557376,2025-01-29,0001829126-25-000536,https://www.sec.gov/Archives/edgar/data/1557376/0001829126-25-000536.txt
10-K/A,AMERICAN REBEL HOLDINGS INC,AREBW,1648087,2025-01-29,0001493152-25-004183,https://www.sec.gov/Archives/edgar/data/1648087/0001493152-25-004183.txt
10-K,"Carriage House Event Center, Inc.",CRGH,1798458,2025-01-28,0001826466-25-000010,https://www.sec.gov/Archives/edgar/data/1798458/0001826466-25-000010.txt
10-K,Concentrix Corp,CNXC,1803599,2025-01-28,0001803599-25-000022,https://www.sec.gov/Archives/edgar/data/1803599/0001803599-25-000022.txt
10-K,General Motors Co,GM,1467858,2025-01-28,0001467858-25-000032,https://www.sec.gov/Archives/edgar/data/1467858/0001467858-25-000032.txt
10-K,"General Motors Financial Company, Inc.",,804269,2025-01-28,0000804269-25-000007,https://www.sec.gov/Archives/edgar/data/804269/0000804269-25-000007.txt
10-K,Jefferies Financial Group Inc.,JEF,96223,2025-01-28,0001628280-25-002833,https://www.sec.gov/Archives/edgar/data/96223/0001628280-25-002833.txt
10-K,LOCKHEED MARTIN CORP,LMT,936468,2025-01-28,0000936468-25-000009,https://www.sec.gov/Archives/edgar/data/936468/0000936468-25-000009.txt
10-K,Midnight Gaming Corp,,1692780,2025-01-28,0001713282-25-000024,https://www.sec.gov/Archives/edgar/data/1692780/0001713282-25-000024.txt
10-K,Midnight Gaming Corp,,1692780,2025-01-28,0001713282-25-000027,https://www.sec.gov/Archives/edgar/data/1692780/0001713282-25-000027.txt
10-K,"Nurix Therapeutics, Inc.",NRIX,1549595,2025-01-28,0001549595-25-000016,https://www.sec.gov/Archives/edgar/data/1549595/0001549595-25-000016.txt
10-K,"Vitro Biopharma, Inc.",,793171,2025-01-28,0001493152-25-003942,https://www.sec.gov/Archives/edgar/data/793171/0001493152-25-003942.txt
10-K/A,"ESSA Bancorp, Inc.",ESSA,1382230,2025-01-28,0001193125-25-014349,https://www.sec.gov/Archives/edgar/data/1382230/0001193125-25-014349.txt
10-K/A,"RED TRAIL ENERGY, LLC",,1359687,2025-01-28,0001359687-25-000006,https://www.sec.gov/Archives/edgar/data/1359687/0001359687-25-000006.txt
10-K,"ALEXANDRIA REAL ESTATE EQUITIES, INC.",ARE,1035443,2025-01-27,0001035443-25-000067,https://www.sec.gov/Archives/edgar/data/1035443/0001035443-25-000067.txt
10-K,CARNIVAL CORP,CCL,815097,2025-01-27,0000815097-25-000007,https://www.sec.gov/Archives/edgar/data/815097/0000815097-25-000007.txt
10-K,CARNIVAL PLC,CUKPF,1125259,2025-01-27,0000815097-25-000007,https://www.sec.gov/Archives/edgar/data/1125259/0000815097-25-000007.txt
10-K,"MediXall Group, Inc.",,1601280,2025-01-27,0001079973-25-000141,https://www.sec.gov/Archives/edgar/data/1601280/0001079973-25-000141.txt
10-K,NETFLIX INC,NFLX,1065280,2025-01-27,0001065280-25-000044,https://www.sec.gov/Archives/edgar/data/1065280/0001065280-25-000044.txt
10-K/A,BARNWELL INDUSTRIES INC,BRN,10048,2025-01-27,0001140361-25-001922,https://www.sec.gov/Archives/edgar/data/10048/0001140361-25-001922.txt
10-K/A,"CITIUS ONCOLOGY, INC.",CTOR,1851484,2025-01-27,0001213900-25-007012,https://www.sec.gov/Archives/edgar/data/1851484/0001213900-25-007012.txt
10-K/A,"Citius Pharmaceuticals, Inc.",CTXR,1506251,2025-01-27,0001213900-25-006997,https://www.sec.gov/Archives/edgar/data/1506251/0001213900-25-006997.txt
10-K/A,"Spectrum Brands Holdings, Inc.",SPB,109177,2025-01-27,0000109177-25-000003,https://www.sec.gov/Archives/edgar/data/109177/0000109177-25-000003.txt
10-K/A,"cbdMD, Inc.",YCBD-PA,1644903,2025-01-27,0001437749-25-001929,https://www.sec.gov/Archives/edgar/data/1644903/0001437749-25-001929.txt
10-K,AFB Ltd,AFBL,1995648,2025-01-24,0001493152-25-003499,https://www.sec.gov/Archives/edgar/data/1995648/0001493152-25-003499.txt
10-K,GLOBAL LEADERS CORP,GLCP,1830696,2025-01-24,0001493152-25-003478,https://www.sec.gov/Archives/edgar/data/1830696/0001493152-25-003478.txt
10-K,John Deere Owner Trust 2021-B,,1867550,2025-01-24,0001558370-25-000384,https://www.sec.gov/Archives/edgar/data/1867550/0001558370-25-000384.txt
10-K,John Deere Owner Trust 2022,,1911818,2025-01-24,0001558370-25-000386,https://www.sec.gov/Archives/edgar/data/1911818/0001558370-25-000386.txt
10-K,John Deere Owner Trust 2022-B,,1934741,2025-01-24,0001558370-25-000388,https://www.sec.gov/Archives/edgar/data/1934741/0001558370-25-000388.txt
10-K,John Deere Owner Trust 2022-C,,1948523,2025-01-24,0001558370-25-000392,https://www.sec.gov/Archives/edgar/data/1948523/0001558370-25-000392.txt
10-K,John Deere Owner Trust 2023,,1965367,2025-01-24,0001558370-25-000390,https://www.sec.gov/Archives/edgar/data/1965367/0001558370-25-000390.txt
10-K,John Deere Owner Trust 2023-B,,1977834,2025-01-24,0001558370-25-000394,https://www.sec.gov/Archives/edgar/data/1977834/0001558370-25-000394.txt
10-K,John Deere Owner Trust 2023-C,,1991230,2025-01-24,0001558370-25-000395,https://www.sec.gov/Archives/edgar/data/1991230/0001558370-25-000395.txt
10-K,John Deere Owner Trust 2024,,2013096,2025-01-24,0001558370-25-000385,https://www.sec.gov/Archives/edgar/data/2013096/0001558370-25-000385.txt
10-K,John Deere Owner Trust 2024-B,,2023726,2025-01-24,0001558370-25-000389,https://www.sec.gov/Archives/edgar/data/2023726/0001558370-25-000389.txt
10-K,John Deere Owner Trust 2024-C,,2034818,2025-01-24,0001558370-25-000393,https://www.sec.gov/Archives/edgar/data/2034818/0001558370-25-000393.txt
10-K,KB HOME,KBH,795266,2025-01-24,0000795266-25-000014,https://www.sec.gov/Archives/edgar/data/795266/0000795266-25-000014.txt
10-K,MULLEN AUTOMOTIVE INC.,MULN,1499961,2025-01-24,0001437749-25-001816,https://www.sec.gov/Archives/edgar/data/1499961/0001437749-25-001816.txt
10-K,TD SYNNEX CORP,SNX,1177394,2025-01-24,0001177394-25-000009,https://www.sec.gov/Archives/edgar/data/1177394/0001177394-25-000009.txt
10-K/A,"Dogecoin Cash, Inc.",CBDS,1360442,2025-01-24,0001096906-25-000090,https://www.sec.gov/Archives/edgar/data/1360442/0001096906-25-000090.txt
10-K/A,NITCHES INC,NICH,772263,2025-01-24,0001393905-25-000030,https://www.sec.gov/Archives/edgar/data/772263/0001393905-25-000030.txt
10-K/A,"SKYWORKS SOLUTIONS, INC.",SWKS,4127,2025-01-24,0000004127-25-000006,https://www.sec.gov/Archives/edgar/data/4127/0000004127-25-000006.txt
10-K,Aceztech Corp,ACZT,1994373,2025-01-23,0001493152-25-003324,https://www.sec.gov/Archives/edgar/data/1994373/0001493152-25-003324.txt
10-K,FULLER H B CO,FUL,39368,2025-01-23,0001437749-25-001699,https://www.sec.gov/Archives/edgar/data/39368/0001437749-25-001699.txt
10-K,LENNAR CORP /NEW/,LEN-B,920760,2025-01-23,0001628280-25-002404,https://www.sec.gov/Archives/edgar/data/920760/0001628280-25-002404.txt
10-K,MCCORMICK & CO INC,MKC-V,63754,2025-01-23,0000063754-25-000005,https://www.sec.gov/Archives/edgar/data/63754/0000063754-25-000005.txt
10-K,NOVAGOLD RESOURCES INC,NG,1173420,2025-01-23,0001171843-25-000387,https://www.sec.gov/Archives/edgar/data/1173420/0001171843-25-000387.txt
10-K/A,FRIEDMAN INDUSTRIES INC,FRD,39092,2025-01-23,0001437749-25-001670,https://www.sec.gov/Archives/edgar/data/39092/0001437749-25-001670.txt
10-K/A,INNOVATIVE SOLUTIONS & SUPPORT INC,ISSC,836690,2025-01-23,0001558370-25-000364,https://www.sec.gov/Archives/edgar/data/836690/0001558370-25-000364.txt
10-K/A,"Outlook Therapeutics, Inc.",OTLK,1649989,2025-01-23,0001558370-25-000366,https://www.sec.gov/Archives/edgar/data/1649989/0001558370-25-000366.txt
10-K,SCHLUMBERGER LIMITED/NV,SLB,87347,2025-01-22,0000950170-25-007638,https://www.sec.gov/Archives/edgar/data/87347/0000950170-25-007638.txt
10-K/A,"Stran & Company, Inc.",SWAGW,1872525,2025-01-22,0001213900-25-005516,https://www.sec.gov/Archives/edgar/data/1872525/0001213900-25-005516.txt
10-K,HIGHWATER ETHANOL LLC,,1371451,2025-01-21,0001371451-25-000003,https://www.sec.gov/Archives/edgar/data/1371451/0001371451-25-000003.txt
10-K,PROGRESS SOFTWARE CORP /MA,PRGS,876167,2025-01-21,0000876167-25-000010,https://www.sec.gov/Archives/edgar/data/876167/0000876167-25-000010.txt
10-K,R F INDUSTRIES LTD,RFIL,740664,2025-01-21,0001437749-25-001497,https://www.sec.gov/Archives/edgar/data/740664/0001437749-25-001497.txt
10-K/A,AVANT TECHNOLOGIES INC.,AVAI,1740797,2025-01-21,0001740797-25-000005,https://www.sec.gov/Archives/edgar/data/1740797/0001740797-25-000005.txt
10-K/A,Lithium Corp,LTUM,1415332,2025-01-21,0001640334-25-000094,https://www.sec.gov/Archives/edgar/data/1415332/0001640334-25-000094.txt
10-K,Trio Petroleum Corp.,TPET,1898766,2025-01-17,0001493152-25-002760,https://www.sec.gov/Archives/edgar/data/1898766/0001493152-25-002760.txt
10-K/A,"Forward Industries, Inc.",FORD,38264,2025-01-17,0001683168-25-000424,https://www.sec.gov/Archives/edgar/data/38264/0001683168-25-000424.txt
10-K,"Freedom Holdings, Inc.",FHLD,1386044,2025-01-16,0001477932-25-000298,https://www.sec.gov/Archives/edgar/data/1386044/0001477932-25-000298.txt
10-K/A,TRIMBLE INC.,TRMB,864749,2025-01-16,0000864749-25-000011,https://www.sec.gov/Archives/edgar/data/864749/0000864749-25-000011.txt
10-K,"AmeriCann, Inc.",ACAN,1508348,2025-01-15,0001437749-25-001189,https://www.sec.gov/Archives/edgar/data/1508348/0001437749-25-001189.txt
10-K,"RED TRAIL ENERGY, LLC",,1359687,2025-01-15,0001359687-25-000002,https://www.sec.gov/Archives/edgar/data/1359687/0001359687-25-000002.txt
10-K/A,"Phunware, Inc.",PHUN,1665300,2025-01-15,0001493152-25-002441,https://www.sec.gov/Archives/edgar/data/1665300/0001493152-25-002441.txt
10-K,CALAVO GROWERS INC,CVGW,1133470,2025-01-14,0001558370-25-000209,https://www.sec.gov/Archives/edgar/data/1133470/0001558370-25-000209.txt
10-K,CYTTA CORP.,CYCA,1383088,2025-01-14,0001477932-25-000239,https://www.sec.gov/Archives/edgar/data/1383088/0001477932-25-000239.txt
10-K,EMCORE CORP,EMKR,808326,2025-01-14,0000808326-25-000007,https://www.sec.gov/Archives/edgar/data/808326/0000808326-25-000007.txt
10-K,"Exceed World, Inc.",EXDW,1634293,2025-01-14,0001599916-25-000002,https://www.sec.gov/Archives/edgar/data/1634293/0001599916-25-000002.txt
10-K,"FLYWHEEL ADVANCED TECHNOLOGY, INC.",FWFW,1492617,2025-01-14,0001493152-25-002097,https://www.sec.gov/Archives/edgar/data/1492617/0001493152-25-002097.txt
10-K,Kun Peng International Ltd.,KPEA,1502557,2025-01-14,0001493152-25-002124,https://www.sec.gov/Archives/edgar/data/1502557/0001493152-25-002124.txt
10-K,Medicale Corp.,MCLE,1827855,2025-01-14,0001683168-25-000327,https://www.sec.gov/Archives/edgar/data/1827855/0001683168-25-000327.txt
10-K,"Mercer Bancorp, Inc.",MSBB,1967306,2025-01-14,0001558370-25-000202,https://www.sec.gov/Archives/edgar/data/1967306/0001558370-25-000202.txt
10-K,PISMO COAST VILLAGE INC,,216877,2025-01-14,0001062993-25-000751,https://www.sec.gov/Archives/edgar/data/216877/0001062993-25-000751.txt
10-K,Permex Petroleum Corp,OILCF,1922639,2025-01-14,0001493152-25-002235,https://www.sec.gov/Archives/edgar/data/1922639/0001493152-25-002235.txt
10-K,RICHTECH ROBOTICS INC.,RR,1963685,2025-01-14,0001213900-25-003458,https://www.sec.gov/Archives/edgar/data/1963685/0001213900-25-003458.txt
10-K,Star Alliance International Corp.,,1614556,2025-01-14,0001683168-25-000339,https://www.sec.gov/Archives/edgar/data/1614556/0001683168-25-000339.txt
10-K,Welsis Corp.,WLSS,1887912,2025-01-14,0001640334-25-000083,https://www.sec.gov/Archives/edgar/data/1887912/0001640334-25-000083.txt
10-K/A,Star Alliance International Corp.,,1614556,2025-01-14,0001683168-25-000337,https://www.sec.gov/Archives/edgar/data/1614556/0001683168-25-000337.txt
10-K,ADOBE INC.,ADBE,796343,2025-01-13,0000796343-25-000004,https://www.sec.gov/Archives/edgar/data/796343/0000796343-25-000004.txt
10-K,CEL SCI CORP,CVM,725363,2025-01-13,0001654954-25-000288,https://www.sec.gov/Archives/edgar/data/725363/0001654954-25-000288.txt
10-K,DALRADA FINANCIAL CORP,DFCO,725394,2025-01-13,0001683168-25-000285,https://www.sec.gov/Archives/edgar/data/725394/0001683168-25-000285.txt
10-K,"Hypha Labs, Inc.",FUNI,1502966,2025-01-13,0001493152-25-001966,https://www.sec.gov/Archives/edgar/data/1502966/0001493152-25-001966.txt
10-K,Kingfish Holding Corp,,1374881,2025-01-13,0001477932-25-000201,https://www.sec.gov/Archives/edgar/data/1374881/0001477932-25-000201.txt
10-K,PUBLIC CO MANAGEMENT CORP,PCMC,1141964,2025-01-13,0001214659-25-000464,https://www.sec.gov/Archives/edgar/data/1141964/0001214659-25-000464.txt
10-K,Panamera Holdings Corp,PHCI,1620749,2025-01-13,0001640334-25-000065,https://www.sec.gov/Archives/edgar/data/1620749/0001640334-25-000065.txt
10-K/A,"BIOXYTRAN, INC",BIXT,1445815,2025-01-13,0001493152-25-001889,https://www.sec.gov/Archives/edgar/data/1445815/0001493152-25-001889.txt
10-K/A,"Hepion Pharmaceuticals, Inc.",CTRVP,1583771,2025-01-13,0001493152-25-001857,https://www.sec.gov/Archives/edgar/data/1583771/0001493152-25-001857.txt
10-K/A,Pangaea Logistics Solutions Ltd.,PANL,1606909,2025-01-13,0001606909-25-000025,https://www.sec.gov/Archives/edgar/data/1606909/0001606909-25-000025.txt
10-K/A,UPAY,UPYY,1677897,2025-01-13,0001575872-25-000047,https://www.sec.gov/Archives/edgar/data/1677897/0001575872-25-000047.txt
10-K,Anixa Biosciences Inc,ANIX,715446,2025-01-10,0001493152-25-001787,https://www.sec.gov/Archives/edgar/data/715446/0001493152-25-001787.txt
10-K,"Concrete Pumping Holdings, Inc.",BBCP,1703956,2025-01-10,0001437749-25-000800,https://www.sec.gov/Archives/edgar/data/1703956/0001437749-25-000800.txt
10-K,GMTech Inc.,GMTH,2000762,2025-01-10,0001683168-25-000206,https://www.sec.gov/Archives/edgar/data/2000762/0001683168-25-000206.txt
10-K,Golden Royal Development Inc.,GRDV,1761534,2025-01-10,0001493152-25-001665,https://www.sec.gov/Archives/edgar/data/1761534/0001493152-25-001665.txt
10-K,HURCO COMPANIES INC,HURC,315374,2025-01-10,0001558370-25-000129,https://www.sec.gov/Archives/edgar/data/315374/0001558370-25-000129.txt
10-K/A,CEMTREX INC,CETXP,1435064,2025-01-10,0001493152-25-001680,https://www.sec.gov/Archives/edgar/data/1435064/0001493152-25-001680.txt
10-K/A,"DYNARESOURCE, INC.",DYNR,1111741,2025-01-10,0000950170-25-004098,https://www.sec.gov/Archives/edgar/data/1111741/0000950170-25-004098.txt
10-K/A,"BeiGene, Ltd.",BEIGF,1651308,2025-01-08,0001651308-25-000005,https://www.sec.gov/Archives/edgar/data/1651308/0001651308-25-000005.txt
10-K/A,"Rafael Holdings, Inc.",RFL,1713863,2025-01-08,0001213900-25-001971,https://www.sec.gov/Archives/edgar/data/1713863/0001213900-25-001971.txt
10-K,Zhuoxun Hongtu Inc.,,1639327,2025-01-07,0001213900-25-001262,https://www.sec.gov/Archives/edgar/data/1639327/0001213900-25-001262.txt
10-K,"Born, Inc.",BRRN,1397795,2025-01-06,0001213900-25-000956,https://www.sec.gov/Archives/edgar/data/1397795/0001213900-25-000956.txt
10-K,"Born, Inc.",BRRN,1397795,2025-01-03,0001213900-25-000675,https://www.sec.gov/Archives/edgar/data/1397795/0001213900-25-000675.txt
10-K,KHEOBA CORP.,KHOB,1909770,2025-01-03,0001477932-25-000026,https://www.sec.gov/Archives/edgar/data/1909770/0001477932-25-000026.txt
10-K/A,Amesite Inc.,AMST,1807166,2025-01-02,0001213900-25-000438,https://www.sec.gov/Archives/edgar/data/1807166/0001213900-25-000438.txt
